Regions;Votes Total;BE;CDS-PP;CDS-PP-MPT;CDS-PP-MPT-PPM;CDS-PP-PPD/PSD;Grupo de cidadaos;MPT;PAN;PCP-PEV;PCTP/MRPP;PND;PNR;PPD/PSD;PPD/PSD-CDS-PP;PPD/PSD-CDS-PP-MPT;PPD/PSD-CDS-PP-MPT-PPM;PPD/PSD-CDS-PP-PPM;PPD/PSD-CDS-PP-PPM-MPT;PPD/PSD-MPT;PPD/PSD-MPT-PPM;PPD/PSD-PPM;PPD/PSD-PPM-MPT;PPM;PPM-PPV;PPM-PPV-PND;PPV;PS;PS-BE-PND-MPT-PTP-PAN;PS-PTP-PND-BE;PTP;Ranking;Residents Total;Residents 0-14;%Residents 0-14;Residents 15-64;%Residents 15-64;Residents 65+;%Residents 65+;Population without Education;%Population without Education;Population with High School;%Population with High School;Companies Created;Average Monthly Income;Employees per Sector Total;Employees per Sector Agriculture;%Employees per Sector Agriculture;Employees per Sector Extraction Industries;%Employees per Sector Extraction Industries;Employees per Sector Transformation Industries;%Employees per Sector Transformation Industries;Employees per Sector Construction;%Employees per Sector Construction;Employees per Sector Gross and Retails Markets;%Employees per Sector Gross and Retails Markets;Employees per Sector Administration and Services;%Employees per Sector Administration and Services;Employees per Economic Sector Banks;%Employees per Economic Sector Banks;Employees per Economic Sector Others;%Employees per Economic Sector Others;Companies Dissolved;Unemployment Total;%Unemployment Total;Unemployment <25;%Unemployment <25
Arcos de Valdevez;13550;0;802;0;0;0;0;0;0;551;0;0;0;9674;0;0;0;0;0;0;0;0;0;0;0;0;0;2523;0;0;0;x;21473;2209;-1;12370;-1;6894;-1;5060;-1;2038;-1;55;666.4;5373;1018;-1;0;-1;1299;-1;735;-1;926;-1;212;-1;58;-1;0;-1;47;787.3;-1;129.6;-1
Caminha;10346;0;139;0;0;0;0;0;0;298;0;0;0;4202;0;0;0;0;0;0;0;0;0;0;0;0;0;5707;0;0;0;x;16038;1816;-1;10257;-1;3965;-1;1641;-1;2284;-1;47;737.5;4021;358;-1;0;-1;426;-1;635;-1;919;-1;317;-1;39;-1;0;-1;33;646.3;-1;71.3;-1
Melgaco;4819;0;0;0;0;0;0;0;0;119;0;0;0;0;1648;0;0;0;0;0;0;0;0;0;0;0;0;3052;0;0;0;x;8479;732;-1;4609;-1;3139;-1;1892;-1;887;-1;13;666;1768;0;-1;0;-1;268;-1;180;-1;284;-1;59;-1;21;-1;0;-1;10;196.8;-1;30;-1
Moncao;11789;0;605;0;0;0;0;0;0;128;0;0;0;5774;0;0;0;0;0;0;0;0;0;0;0;0;0;5282;0;0;0;x;18330;1807;-1;11206;-1;5317;-1;3163;-1;2292;-1;43;655.2;5131;1254;-1;63;-1;849;-1;688;-1;923;-1;238;-1;43;-1;0;-1;34;506.6;-1;60;-1
Paredes de Coura;5353;0;0;0;0;0;0;0;0;262;0;0;0;807;0;0;0;0;0;0;0;0;0;0;0;0;0;4284;0;0;0;x;8773;1034;-1;5282;-1;2457;-1;1690;-1;923;-1;25;639.4;1896;0;-1;0;-1;448;-1;238;-1;300;-1;99;-1;14;-1;0;-1;5;320.3;-1;40.8;-1
Ponte da Barca;8256;0;109;0;0;0;0;0;0;118;0;0;0;4611;0;0;0;0;0;0;0;0;0;0;0;0;0;3418;0;0;0;x;11454;1290;-1;7368;-1;2796;-1;1989;-1;1282;-1;30;677.8;2355;444;-1;9;-1;235;-1;492;-1;386;-1;80;-1;28;-1;0;-1;19;515.1;-1;76.5;-1
Ponte de Lima;27031;0;14606;0;0;0;8616;0;0;779;0;0;0;2888;0;0;0;0;0;0;0;0;0;142;0;0;0;0;0;0;0;x;42286;5694;-1;27746;-1;8847;-1;5406;-1;4399;-1;98;644.2;12405;1484;-1;141;-1;3251;-1;2274;-1;2292;-1;419;-1;62;-1;8;-1;69;1619.2;-1;229.7;-1
Valenca;7593;0;209;0;0;0;0;0;0;254;0;0;0;4517;0;0;0;0;0;0;0;0;0;0;0;0;0;2613;0;0;0;x;13496;1606;-1;8644;-1;3246;-1;1454;-1;1698;-1;73;708.8;3990;216;-1;35;-1;656;-1;246;-1;1443;-1;210;-1;55;-1;0;-1;82;559.3;-1;70.3;-1
Viana do Castelo;44376;2502;0;0;0;0;0;0;0;3812;0;0;0;9991;0;0;0;0;0;0;0;0;0;0;0;0;0;25235;0;0;0;x;85791;10841;-1;56589;-1;18361;-1;7975;-1;11702;-1;208;784.6;26883;1049;-1;72;-1;7755;-1;3912;-1;4895;-1;1679;-1;210;-1;45;-1;155;4014.3;-1;506.9;-1
Vila Nova de Cerveira;5566;0;0;0;0;0;3399;0;0;95;0;0;0;0;0;0;0;0;0;0;0;0;0;0;0;0;0;2072;0;0;0;x;8925;1095;-1;5762;-1;2069;-1;1161;-1;1130;-1;23;776.9;3989;102;-1;0;-1;2203;-1;214;-1;347;-1;167;-1;23;-1;0;-1;46;296.2;-1;42.7;-1
Amares;11194;0;0;0;0;0;1701;0;0;257;0;0;0;0;6845;0;0;0;0;0;0;0;0;0;0;0;0;2391;0;0;0;x;18241;2492;-1;12516;-1;3234;-1;1847;-1;2316;-1;52;654.9;4505;353;-1;0;-1;758;-1;834;-1;937;-1;245;-1;0;-1;14;-1;25;1005.8;-1;157.8;-1
Barcelos;74166;1413;0;0;0;0;13769;0;0;1113;0;0;0;0;25241;0;0;0;0;0;0;0;0;0;0;0;0;31687;0;0;0;x;118144;16349;-1;82777;-1;19019;-1;9333;-1;12261;-1;342;686.8;45907;2037;-1;26;-1;22591;-1;5911;-1;7551;-1;1625;-1;213;-1;19;-1;278;3904.1;-1;656.3;-1
Braga;90174;4565;0;0;0;0;0;0;0;9067;0;0;0;0;0;0;0;49097;0;0;0;0;0;0;0;0;0;26346;0;0;0;x;181342;26966;-1;126706;-1;27671;-1;10441;-1;26282;-1;658;826.4;63768;0;-1;131;-1;13644;-1;8087;-1;12804;-1;4411;-1;566;-1;42;-1;552;9999.2;-1;1083.3;-1
Esposende;19934;0;767;0;0;0;3927;0;0;732;0;0;0;12496;0;0;0;0;0;0;0;0;0;0;0;0;0;2012;0;0;0;x;33994;5090;-1;23435;-1;5469;-1;2736;-1;3881;-1;128;695.4;13675;632;-1;45;-1;3527;-1;4238;-1;1785;-1;759;-1;66;-1;0;-1;85;1255.1;-1;194.7;-1
Terras de Bouro;4910;0;0;0;0;0;1578;0;0;108;0;0;0;1777;0;0;0;0;0;0;0;0;0;0;0;0;0;1447;0;0;0;x;6608;735;-1;4143;-1;1730;-1;1019;-1;769;-1;8;747.3;1428;239;-1;0;-1;80;-1;154;-1;236;-1;72;-1;0;-1;0;-1;6;411.2;-1;52.5;-1
Vila Verde;27898;0;1652;0;0;0;0;0;0;733;0;0;0;15155;0;0;0;0;0;0;0;0;0;0;0;0;0;10358;0;0;0;x;47269;6908;-1;31752;-1;8610;-1;5661;-1;5100;-1;161;675.7;11836;779;-1;0;-1;2700;-1;3000;-1;2296;-1;492;-1;82;-1;24;-1;81;1910.8;-1;322.6;-1
Cabeceiras de Basto;10955;0;0;0;0;0;5153;0;0;113;0;0;0;0;0;0;0;0;0;0;0;0;0;0;0;0;0;5689;0;0;0;x;16064;2265;-1;10783;-1;3017;-1;2282;-1;1620;-1;27;627.5;3461;409;-1;0;-1;637;-1;724;-1;706;-1;164;-1;21;-1;0;-1;22;1137.7;-1;205.3;-1
Fafe;31097;549;0;0;0;0;11841;0;0;762;0;0;0;0;5925;0;0;0;0;0;0;0;0;0;0;0;0;12020;0;0;0;x;49129;6487;-1;33794;-1;8848;-1;4981;-1;4792;-1;150;621.6;14911;273;-1;0;-1;6462;-1;1775;-1;2613;-1;729;-1;76;-1;0;-1;125;2792.8;-1;466.8;-1
Guimaraes;93308;2320;0;0;0;0;0;0;0;4997;0;0;0;0;0;0;0;0;36452;0;0;0;0;0;0;0;0;49539;0;0;0;x;154458;20891;-1;108836;-1;24732;-1;12043;-1;17593;-1;488;705.6;63915;703;-1;153;-1;34083;-1;3568;-1;11107;-1;2133;-1;307;-1;0;-1;337;8958;-1;1168.6;-1
Mondim de Basto;4590;0;1102;0;0;0;0;0;0;132;0;0;0;601;0;0;0;0;0;0;0;0;0;0;0;0;0;2755;0;0;0;x;7120;825;-1;4761;-1;1534;-1;1246;-1;648;-1;7;620.6;1580;262;-1;77;-1;166;-1;142;-1;372;-1;246;-1;13;-1;0;-1;16;477.8;-1;85.8;-1
Povoa de Lanhoso;14799;0;0;0;0;0;1606;0;0;131;0;0;0;6607;0;0;0;0;0;0;0;0;0;0;0;0;0;6455;0;0;0;x;21606;2953;-1;14753;-1;3900;-1;2692;-1;2092;-1;65;638.8;6040;262;-1;0;-1;1991;-1;734;-1;917;-1;650;-1;35;-1;0;-1;26;1099.1;-1;162.8;-1
Vieira do Minho;8981;0;0;0;0;0;0;0;0;191;0;0;0;0;5858;0;0;0;0;0;0;0;0;0;0;0;0;2932;0;0;0;x;12213;1398;-1;8002;-1;2814;-1;1804;-1;1334;-1;17;705.4;2035;0;-1;0;-1;194;-1;356;-1;456;-1;123;-1;21;-1;0;-1;23;871.8;-1;112;-1
Vila Nova de Famalicao;73412;1884;0;0;0;0;0;0;0;2201;0;0;0;0;51435;0;0;0;0;0;0;0;0;0;0;0;0;17892;0;0;0;x;132683;18368;-1;92787;-1;21528;-1;9573;-1;15972;-1;399;774.5;51745;842;-1;19;-1;25361;-1;4098;-1;9121;-1;2228;-1;284;-1;38;-1;300;6056.8;-1;803.8;-1
Vizela;13962;231;0;0;0;0;5606;0;0;292;0;0;0;0;3929;0;0;0;0;0;0;0;0;0;0;0;0;3904;0;0;0;x;23771;3266;-1;17291;-1;3215;-1;1947;-1;2355;-1;81;623.2;8856;47;-1;0;-1;5559;-1;336;-1;1208;-1;327;-1;63;-1;0;-1;54;1112.8;-1;157.1;-1
Arouca;14471;0;0;0;0;0;0;0;0;263;0;0;0;0;5425;0;0;0;0;0;0;0;0;222;0;0;0;8220;0;0;0;x;21302;2926;-1;14193;-1;4184;-1;2537;-1;1943;-1;41;655.4;6917;921;-1;21;-1;2181;-1;1254;-1;1046;-1;291;-1;31;-1;0;-1;22;692.1;-1;116.8;-1
Espinho;17447;445;463;0;0;0;1766;0;0;945;0;0;0;7420;0;0;0;0;0;0;0;0;0;0;0;0;0;5807;0;0;0;x;29634;3450;-1;19030;-1;7155;-1;2719;-1;3867;-1;90;762;7958;42;-1;0;-1;1583;-1;354;-1;1643;-1;583;-1;98;-1;0;-1;60;2636.5;-1;327.5;-1
Gondomar;77851;2907;0;0;0;0;16238;0;0;12556;0;0;0;0;9003;0;0;0;0;0;0;0;0;0;0;0;0;37147;0;0;0;x;166041;22580;-1;113630;-1;29832;-1;11149;-1;23336;-1;339;749.9;32395;465;-1;0;-1;6799;-1;2333;-1;8915;-1;2993;-1;225;-1;0;-1;372;12610.3;-1;1558.7;-1
Maia;60122;3759;0;0;0;0;0;691;2820;2974;0;0;0;0;25774;0;0;0;0;0;0;0;0;0;0;0;0;0;0;23634;0;x;135845;20799;-1;92885;-1;22161;-1;6634;-1;20416;-1;498;975.6;60350;476;-1;14;-1;13109;-1;3833;-1;12902;-1;11363;-1;399;-1;0;-1;570;8192.4;-1;786.1;-1
Matosinhos;75178;3681;0;0;0;0;25059;0;2537;5374;0;0;0;9475;0;0;0;0;0;0;0;0;0;0;0;0;0;29052;0;0;0;x;173395;23409;-1;116322;-1;33665;-1;11185;-1;24602;-1;676;951.8;86633;900;-1;0;-1;8672;-1;3504;-1;37884;-1;10765;-1;396;-1;5;-1;828;10523;-1;972.3;-1
Oliveira de Azemeis;34096;851;1814;0;0;0;500;0;0;555;0;0;0;12282;0;0;0;0;0;0;0;0;0;0;0;0;0;18094;0;0;0;x;66737;8024;-1;45405;-1;13308;-1;5420;-1;7358;-1;177;805.1;27926;493;-1;41;-1;16551;-1;1312;-1;3367;-1;1993;-1;131;-1;19;-1;99;2013.5;-1;293.9;-1
Paredes;49605;641;1881;0;0;0;1124;0;0;1473;0;0;0;18601;0;0;0;0;0;0;0;0;0;0;0;0;0;25885;0;0;0;x;86409;13668;-1;61030;-1;11711;-1;6763;-1;8205;-1;215;678.7;23394;0;-1;0;-1;10109;-1;2192;-1;4846;-1;1044;-1;161;-1;19;-1;207;6062;-1;928.3;-1
Porto;111634;6146;0;0;0;0;51159;0;2215;6781;0;0;173;0;0;0;0;0;0;0;0;11952;0;0;0;0;0;32856;0;0;166;x;214349;26566;-1;128687;-1;59097;-1;13814;-1;32936;-1;1757;1089.2;119901;1222;-1;16;-1;8627;-1;5609;-1;24889;-1;15442;-1;4560;-1;10;-1;1604;19406.5;-1;1860.3;-1
Povoa de Varzim;28535;1176;2267;0;0;0;0;0;1180;941;0;0;0;17280;0;0;0;0;0;0;0;0;0;0;0;0;0;5691;0;0;0;x;62433;9329;-1;42491;-1;10613;-1;4357;-1;7441;-1;209;734.6;19908;0;-1;0;-1;4082;-1;1727;-1;4521;-1;986;-1;137;-1;46;-1;186;3411.6;-1;466.2;-1
Santa Maria da Feira;68217;2992;3120;0;0;0;0;0;0;1954;0;0;362;36383;0;0;0;0;0;0;0;0;0;0;0;0;0;23406;0;0;0;x;139173;19129;-1;96054;-1;23990;-1;10799;-1;15581;-1;428;812.1;45922;372;-1;0;-1;20912;-1;3653;-1;8722;-1;2956;-1;258;-1;14;-1;378;6895.9;-1;864.2;-1
Santo Tirso;40142;0;0;0;0;0;1174;0;0;1646;0;0;0;0;14868;0;0;0;0;0;0;0;0;0;0;0;0;22454;0;0;0;x;69270;8115;-1;47089;-1;14067;-1;5920;-1;7599;-1;156;723.1;21973;0;-1;0;-1;11280;-1;1117;-1;4019;-1;1180;-1;166;-1;0;-1;170;4472.8;-1;551.1;-1
Sao Joao da Madeira;10645;268;0;0;0;0;0;0;204;446;0;0;0;0;3579;0;0;0;0;0;0;0;0;0;0;0;0;6148;0;0;0;x;21455;2814;-1;14737;-1;3904;-1;1285;-1;3037;-1;80;802.1;13325;31;-1;0;-1;7822;-1;168;-1;2159;-1;643;-1;144;-1;0;-1;77;948.4;-1;101.3;-1
Trofa;20894;0;0;0;0;0;0;0;0;932;0;0;0;0;13013;0;0;0;0;0;0;0;0;0;0;0;0;6949;0;0;0;x;38237;5177;-1;26833;-1;6227;-1;2644;-1;4714;-1;109;814.4;16894;0;-1;0;-1;7222;-1;1263;-1;3369;-1;1077;-1;73;-1;0;-1;136;2405.9;-1;348.5;-1
Vale de Cambra;13493;0;9207;0;0;0;0;0;0;228;0;0;0;2462;0;0;0;0;0;0;0;0;0;0;0;0;0;1596;0;0;0;x;21794;2494;-1;14177;-1;5123;-1;2458;-1;2505;-1;46;872.1;8455;387;-1;0;-1;4931;-1;436;-1;1091;-1;233;-1;51;-1;0;-1;44;655.8;-1;77.9;-1
Valongo;41869;1861;0;0;0;0;0;697;0;2308;0;0;0;0;11667;0;0;0;0;0;0;0;0;0;0;0;0;25336;0;0;0;x;95300;14392;-1;65352;-1;15557;-1;5562;-1;12981;-1;218;761.1;23896;384;-1;80;-1;4884;-1;4126;-1;5176;-1;2238;-1;171;-1;0;-1;215;7048.3;-1;842.7;-1
Vila do Conde;42969;807;0;0;0;0;21192;0;0;975;0;0;0;0;5781;0;0;0;0;0;0;0;0;0;0;0;0;14214;0;0;0;x;79363;11755;-1;53805;-1;13803;-1;5488;-1;9091;-1;281;831.8;26111;0;-1;0;-1;7896;-1;2555;-1;5766;-1;919;-1;125;-1;19;-1;219;3744.1;-1;495.3;-1
Vila Nova de Gaia;131456;7142;0;0;0;0;0;0;3546;6226;702;0;0;0;28019;0;0;0;0;0;0;0;0;0;0;0;0;85118;0;0;327;x;300587;42470;-1;204332;-1;53785;-1;18851;-1;41476;-1;946;874.4;77413;1015;-1;23;-1;20431;-1;5525;-1;15988;-1;6556;-1;487;-1;29;-1;902;25545.7;-1;2879.8;-1
Boticas;3902;0;0;0;0;0;0;0;0;193;0;0;0;3141;0;0;0;0;0;0;0;0;0;0;0;0;0;568;0;0;0;x;5263;485;-1;3091;-1;1687;-1;1269;-1;475;-1;10;636;1065;340;-1;42;-1;156;-1;128;-1;165;-1;39;-1;0;-1;0;-1;6;262.2;-1;29.3;-1
Chaves;23676;331;591;0;0;0;0;0;0;1396;0;0;0;8641;0;0;0;0;0;0;0;0;0;0;0;0;0;12717;0;0;0;x;39910;4332;-1;25101;-1;10478;-1;4900;-1;5326;-1;81;712.5;8902;1138;-1;69;-1;1016;-1;815;-1;2215;-1;312;-1;115;-1;8;-1;73;2333;-1;295.5;-1
Montalegre;7290;0;0;0;0;0;0;0;0;211;0;0;0;0;2383;0;0;0;0;0;0;0;0;0;0;0;0;4696;0;0;0;x;9439;749;-1;5442;-1;3248;-1;2193;-1;951;-1;11;659.3;2094;795;-1;0;-1;178;-1;237;-1;302;-1;59;-1;21;-1;0;-1;17;426.9;-1;65.3;-1
Ribeira de Pena;5161;0;192;0;0;0;0;0;0;60;0;0;0;2267;0;0;0;0;0;0;0;0;0;0;0;0;0;2642;0;0;0;x;6183;709;-1;3842;-1;1633;-1;1468;-1;499;-1;15;688.9;1177;291;-1;0;-1;90;-1;329;-1;136;-1;36;-1;0;-1;0;-1;10;447.8;-1;55.7;-1
Valpacos;10127;0;258;0;0;0;0;0;0;145;0;0;0;8020;0;0;0;0;0;0;0;0;0;0;0;0;0;1704;0;0;0;x;15478;1403;-1;8771;-1;5304;-1;3478;-1;1332;-1;21;639.6;4391;2288;-1;48;-1;232;-1;532;-1;573;-1;134;-1;33;-1;8;-1;19;790.3;-1;115.3;-1
Vila Pouca de Aguiar;8890;0;317;0;0;0;0;0;0;75;0;0;0;4984;0;0;0;0;0;0;0;0;0;0;0;0;0;3514;0;0;0;x;12328;1172;-1;7591;-1;3565;-1;2074;-1;1195;-1;25;669.4;3037;590;-1;183;-1;635;-1;334;-1;488;-1;103;-1;30;-1;0;-1;16;706.3;-1;100.3;-1
Amarante;31345;562;0;0;0;0;0;0;0;497;0;0;0;0;17835;0;0;0;0;0;0;0;0;0;0;0;0;11833;0;0;0;x;54190;7325;-1;37449;-1;9417;-1;6125;-1;5745;-1;133;723.9;16307;766;-1;20;-1;3329;-1;5738;-1;2578;-1;710;-1;92;-1;0;-1;121;3552.7;-1;535.8;-1
Baiao;10828;0;0;0;0;0;0;0;0;198;0;0;0;0;3038;0;0;0;0;0;0;0;0;0;0;0;0;7592;0;0;0;x;19372;2441;-1;13027;-1;3904;-1;3429;-1;1634;-1;42;615.9;3241;439;-1;0;-1;442;-1;1086;-1;533;-1;111;-1;14;-1;0;-1;55;1683.6;-1;248.8;-1
Castelo de Paiva;10211;0;0;0;0;0;0;0;0;231;0;0;0;0;4004;0;0;0;0;0;0;0;0;0;0;0;0;5976;0;0;0;x;15889;2201;-1;10925;-1;2763;-1;1466;-1;1454;-1;23;625;3547;210;-1;0;-1;1257;-1;623;-1;598;-1;107;-1;17;-1;0;-1;21;1141.8;-1;206.1;-1
Celorico de Basto;11720;0;390;0;0;0;3479;0;0;308;0;0;0;5669;0;0;0;0;0;0;0;0;0;0;0;0;0;1874;0;0;0;x;19413;2450;-1;13126;-1;3838;-1;2727;-1;1947;-1;32;667.1;3891;511;-1;0;-1;927;-1;497;-1;633;-1;452;-1;16;-1;0;-1;31;1101.8;-1;135.7;-1
Cinfaes;10871;0;0;0;0;0;0;0;0;274;0;0;0;0;2047;0;0;0;0;0;0;0;0;0;0;0;0;8550;0;0;0;x;19010;2545;-1;12264;-1;4201;-1;3155;-1;1524;-1;54;621.5;3365;488;-1;0;-1;327;-1;1062;-1;546;-1;249;-1;18;-1;0;-1;21;1816.3;-1;228.8;-1
Felgueiras;33265;0;0;0;0;0;0;0;0;683;0;0;0;0;0;0;0;0;0;0;0;13858;0;0;0;0;0;0;0;0;0;x;57098;8043;-1;40969;-1;8087;-1;5231;-1;5717;-1;178;620.9;29909;690;-1;0;-1;20243;-1;1736;-1;3672;-1;687;-1;121;-1;24;-1;134;2148.7;-1;327.2;-1
Lousada;28069;368;0;0;0;0;0;0;0;457;0;0;0;0;11967;0;0;0;0;0;0;0;0;0;0;0;0;15277;0;0;0;x;46988;7230;-1;33893;-1;5866;-1;4033;-1;3904;-1;136;605.5;16482;354;-1;0;-1;7875;-1;2829;-1;2791;-1;425;-1;48;-1;0;-1;119;2409.3;-1;333.3;-1
Marco de Canaveses;28991;385;5422;0;0;0;0;0;0;846;0;0;0;9149;0;0;0;0;0;0;0;0;0;0;0;0;0;13189;0;0;0;x;52295;7772;-1;36838;-1;7686;-1;5107;-1;4755;-1;123;691.4;15244;328;-1;602;-1;3465;-1;5258;-1;2644;-1;458;-1;77;-1;0;-1;159;3937.4;-1;672.4;-1
Pacos de Ferreira;31616;0;362;0;0;0;0;0;0;435;0;0;0;9470;0;0;0;0;0;0;0;0;0;0;0;0;0;21125;0;0;224;x;56931;8699;-1;40899;-1;7334;-1;4417;-1;4516;-1;186;612.7;20841;152;-1;65;-1;12074;-1;864;-1;3608;-1;618;-1;94;-1;6;-1;134;3629.3;-1;491.8;-1
Penafiel;43980;504;0;0;0;0;3638;0;0;687;0;0;0;0;23420;0;0;0;0;0;0;0;0;0;0;0;0;15731;0;0;0;x;70546;10648;-1;49620;-1;10279;-1;6801;-1;7240;-1;174;704.4;21602;623;-1;212;-1;6621;-1;5476;-1;3746;-1;624;-1;88;-1;49;-1;170;4576.1;-1;739.5;-1
Resende;7604;0;528;0;0;0;0;0;0;56;0;0;0;3298;0;0;0;0;0;0;0;0;0;0;0;0;0;3722;0;0;0;x;10539;1343;-1;6828;-1;2368;-1;2047;-1;961;-1;11;646.8;2141;867;-1;0;-1;132;-1;302;-1;422;-1;55;-1;15;-1;0;-1;17;817.9;-1;140.4;-1
Alijo;7600;745;0;0;0;0;0;0;0;212;0;0;0;0;3568;0;0;0;0;0;0;0;0;0;0;0;0;3075;0;0;0;x;11013;1169;-1;6520;-1;3325;-1;1868;-1;1082;-1;24;737.9;3499;1849;-1;0;-1;390;-1;0;-1;395;-1;115;-1;14;-1;11;-1;11;633.8;-1;84.5;-1
Armamar;3936;0;844;0;0;0;0;0;0;225;0;0;0;2250;0;0;0;0;0;0;0;0;0;0;0;0;0;617;0;0;0;x;5908;614;-1;3713;-1;1582;-1;875;-1;611;-1;3;654.9;2290;826;-1;0;-1;221;-1;105;-1;769;-1;41;-1;0;-1;0;-1;11;386.8;-1;68.5;-1
Carrazeda de Ansiaes;4079;0;0;0;0;0;1894;0;0;116;0;0;0;2069;0;0;0;0;0;0;0;0;0;0;0;0;0;0;0;0;0;x;5840;590;-1;3260;-1;1990;-1;1195;-1;533;-1;8;643.8;1494;758;-1;0;-1;133;-1;81;-1;230;-1;40;-1;0;-1;0;-1;6;319.5;-1;53.6;-1
Freixo de Espada _ Cinta;2442;0;0;0;256;0;0;0;0;34;0;0;0;1261;0;0;0;0;0;0;0;0;0;0;0;0;0;891;0;0;0;x;3451;377;-1;2016;-1;1058;-1;759;-1;279;-1;3;611.7;896;412;-1;0;-1;68;-1;180;-1;72;-1;13;-1;0;-1;0;-1;1;228.1;-1;36.9;-1
Lamego;15296;496;0;0;0;0;0;0;0;434;0;0;0;4313;0;0;0;0;0;0;0;0;0;0;0;0;0;6062;0;0;0;x;25350;2993;-1;16951;-1;5407;-1;3373;-1;3060;-1;40;704.4;5871;1346;-1;0;-1;611;-1;815;-1;1255;-1;361;-1;46;-1;18;-1;46;2532.2;-1;325.6;-1
Mesæo Frio;2668;353;27;0;0;0;0;0;0;26;0;0;0;562;0;0;0;0;0;0;0;0;0;0;0;0;0;1700;0;0;0;x;4080;494;-1;2705;-1;881;-1;687;-1;444;-1;7;638;911;467;-1;0;-1;44;-1;83;-1;136;-1;50;-1;0;-1;0;-1;5;384.8;-1;48;-1
Moimenta da Beira;5828;0;0;0;0;0;389;0;0;93;0;0;0;1378;0;0;0;0;0;0;0;0;0;0;0;0;0;3219;0;0;0;x;9825;1201;-1;6225;-1;2400;-1;1412;-1;1084;-1;14;651;2497;720;-1;0;-1;291;-1;193;-1;690;-1;49;-1;18;-1;8;-1;16;692.8;-1;113.1;-1
Murca;4102;0;119;0;0;0;0;0;0;47;0;0;0;2028;0;0;0;0;0;0;0;0;0;0;0;0;0;1908;0;0;0;x;5596;640;-1;3352;-1;1604;-1;1058;-1;520;-1;6;634.9;1578;874;-1;0;-1;133;-1;0;-1;165;-1;32;-1;0;-1;0;-1;5;385.8;-1;45.8;-1
Penedono;1839;0;0;0;0;0;0;0;0;32;0;0;0;1092;0;0;0;0;0;0;0;0;0;0;0;0;0;715;0;0;0;x;2710;294;-1;1694;-1;722;-1;489;-1;283;-1;6;632.1;821;467;-1;0;-1;30;-1;78;-1;114;-1;14;-1;0;-1;0;-1;4;135.4;-1;29.8;-1
Peso da Regua;9452;0;0;0;0;0;0;0;0;248;0;0;0;5396;0;0;0;0;0;0;0;0;0;0;0;0;0;3808;0;0;0;x;16131;1891;-1;10794;-1;3447;-1;2184;-1;1961;-1;28;764.9;4433;1611;-1;0;-1;386;-1;592;-1;785;-1;123;-1;38;-1;0;-1;25;1340.3;-1;205.1;-1
Sabrosa;4053;0;0;0;0;0;0;0;0;102;0;0;0;1688;0;0;0;0;0;0;0;0;0;0;0;0;0;2263;0;0;0;x;5990;677;-1;3705;-1;1609;-1;1048;-1;567;-1;9;868.2;1600;808;-1;0;-1;207;-1;140;-1;157;-1;37;-1;0;-1;0;-1;14;367.8;-1;43.8;-1
Santa Marta de Penaguiæo;4783;0;426;0;0;0;0;0;0;102;0;0;0;1152;0;0;0;0;0;0;0;0;0;0;0;0;0;3103;0;0;0;x;6806;708;-1;4309;-1;1789;-1;1406;-1;633;-1;10;659.2;2164;1405;-1;0;-1;124;-1;0;-1;238;-1;24;-1;0;-1;7;-1;13;515.3;-1;70;-1
Sao Joao da Pesqueira;4691;0;0;0;0;0;2640;0;0;86;0;0;0;1965;0;0;0;0;0;0;0;0;0;0;0;0;0;0;0;0;0;x;7320;861;-1;4774;-1;1686;-1;1236;-1;671;-1;10;711.2;2399;1490;-1;0;-1;205;-1;104;-1;259;-1;99;-1;0;-1;20;-1;5;373.1;-1;63.5;-1
Sernancelhe;3814;0;238;0;0;0;0;0;0;18;0;0;0;2841;0;0;0;0;0;0;0;0;0;0;0;0;0;717;0;0;0;x;5461;567;-1;3464;-1;1430;-1;854;-1;618;-1;12;615.9;1479;518;-1;28;-1;240;-1;157;-1;283;-1;27;-1;0;-1;0;-1;3;276.6;-1;51.2;-1
Tabuaco;3821;0;0;0;0;0;0;0;0;34;0;0;0;0;2277;0;0;0;0;0;0;0;0;0;0;0;0;1510;0;0;0;x;6110;580;-1;4025;-1;1505;-1;964;-1;610;-1;9;724.5;1311;0;-1;0;-1;95;-1;131;-1;171;-1;90;-1;0;-1;24;-1;10;520.2;-1;91.2;-1
Tarouca;4399;0;255;0;0;0;0;0;0;104;0;0;0;2615;0;0;0;0;0;0;0;0;0;0;0;0;0;1425;0;0;0;x;7768;965;-1;5208;-1;1596;-1;990;-1;784;-1;11;672.7;1827;0;-1;0;-1;108;-1;255;-1;585;-1;267;-1;13;-1;0;-1;9;625.6;-1;92.2;-1
Torre de Moncorvo;5340;0;0;0;0;0;0;0;0;111;0;0;0;0;3194;0;0;0;0;0;0;0;0;0;0;0;0;2035;0;0;0;x;7914;634;-1;4458;-1;2823;-1;1641;-1;886;-1;15;905.1;1819;765;-1;13;-1;81;-1;149;-1;358;-1;65;-1;15;-1;0;-1;3;439.3;-1;56.9;-1
Vila Nova de Foz Coa;4748;0;0;0;0;0;0;0;0;50;0;0;0;2501;0;0;0;0;0;0;0;0;0;0;0;0;0;1438;0;0;0;x;6733;634;-1;3973;-1;2127;-1;1204;-1;747;-1;15;726.1;1854;955;-1;63;-1;194;-1;110;-1;233;-1;40;-1;0;-1;0;-1;9;312.2;-1;49.4;-1
Vila Real;30316;520;1161;0;0;0;0;0;0;426;0;0;0;7973;0;0;0;0;0;0;0;0;0;0;0;0;0;20236;0;0;0;x;50224;6700;-1;33634;-1;9891;-1;4468;-1;7426;-1;112;799.5;12888;1904;-1;78;-1;1152;-1;1088;-1;2661;-1;728;-1;140;-1;27;-1;129;3186.3;-1;382;-1
Alfandega da Fe;3728;0;0;0;0;0;0;0;0;41;0;0;0;0;1746;0;0;0;0;0;0;0;0;0;0;0;0;1941;0;0;0;x;4659;407;-1;2766;-1;1487;-1;930;-1;488;-1;4;634.4;1327;788;-1;0;-1;61;-1;97;-1;129;-1;19;-1;0;-1;0;-1;7;354.3;-1;45.5;-1
Braganca;18028;516;797;0;0;0;0;0;0;395;0;0;0;10840;0;0;0;0;0;0;0;0;0;0;0;0;0;5153;0;0;0;x;33900;3915;-1;21909;-1;8076;-1;4022;-1;4749;-1;69;749.5;9787;2895;-1;23;-1;1079;-1;848;-1;1918;-1;283;-1;93;-1;41;-1;85;1616.5;-1;253.2;-1
Macedo de Cavaleiros;10673;123;0;0;0;0;0;0;0;166;0;0;0;0;4909;0;0;0;0;0;0;0;0;0;0;0;0;5475;0;0;0;x;14802;1464;-1;8840;-1;4498;-1;2323;-1;1616;-1;26;692.5;4141;1770;-1;0;-1;229;-1;268;-1;812;-1;92;-1;36;-1;0;-1;26;815.5;-1;97.6;-1
Miranda do Douro;5102;0;0;0;0;0;0;0;0;57;0;0;0;0;2411;0;0;0;0;0;0;0;0;0;0;0;0;2634;0;0;0;x;7084;625;-1;4148;-1;2311;-1;1322;-1;838;-1;10;689.2;1890;663;-1;0;-1;222;-1;175;-1;388;-1;41;-1;18;-1;11;-1;9;257.5;-1;34.2;-1
Mirandela;13838;0;781;0;0;0;0;0;0;271;0;0;0;5973;0;0;0;0;0;0;0;0;0;0;0;0;0;6813;0;0;0;x;22280;2459;-1;13826;-1;5995;-1;3292;-1;2861;-1;42;708.8;5606;1532;-1;0;-1;673;-1;333;-1;1275;-1;237;-1;56;-1;0;-1;42;1584.1;-1;244;-1
Mogadouro;6771;0;0;0;0;0;0;0;0;69;0;0;0;0;3064;0;0;0;0;0;0;0;0;0;0;0;0;3638;0;0;0;x;8745;803;-1;4958;-1;2984;-1;1830;-1;912;-1;8;664.1;2379;1203;-1;0;-1;115;-1;143;-1;422;-1;61;-1;12;-1;0;-1;13;517.2;-1;69.1;-1
Vila Flor;4486;360;0;0;0;0;0;0;0;49;0;0;0;0;1856;0;0;0;0;0;0;0;0;0;0;0;0;2221;0;0;0;x;6206;598;-1;3760;-1;1849;-1;1068;-1;647;-1;7;631.2;1777;922;-1;0;-1;102;-1;84;-1;274;-1;46;-1;0;-1;0;-1;9;427.3;-1;53.6;-1
Vimioso;3425;0;0;54;0;0;0;0;0;53;0;0;0;2052;0;0;0;0;0;0;0;0;0;0;0;0;0;1266;0;0;0;x;4213;419;-1;2276;-1;1519;-1;991;-1;362;-1;9;622.9;856;351;-1;0;-1;103;-1;79;-1;159;-1;16;-1;10;-1;0;-1;6;186.3;-1;27.1;-1
Vinhais;7048;0;0;0;0;0;0;0;0;55;0;0;0;0;3460;0;0;0;0;0;0;0;0;0;0;0;0;3533;0;0;0;x;8197;607;-1;4248;-1;3342;-1;1779;-1;731;-1;7;640.4;2180;1316;-1;0;-1;119;-1;134;-1;240;-1;52;-1;11;-1;0;-1;6;448.3;-1;51.4;-1
Alcobaa;25064;805;4145;0;0;0;0;0;0;2076;0;0;0;11956;0;0;0;0;0;0;0;0;0;0;0;0;0;5866;0;0;0;x;54846;6808;-1;36010;-1;12029;-1;5701;-1;7184;-1;171;740.2;18512;1446;-1;293;-1;5774;-1;1593;-1;4500;-1;930;-1;117;-1;40;-1;158;1768.8;-1;252.4;-1
Alenquer;16614;903;0;0;0;0;0;0;0;2470;0;0;0;0;3862;0;0;0;0;0;0;0;0;0;0;0;0;9379;0;0;0;x;43212;6812;-1;28310;-1;8090;-1;4111;-1;6173;-1;108;881.5;12535;1008;-1;0;-1;4005;-1;837;-1;2582;-1;951;-1;62;-1;27;-1;191;1406.8;-1;138.3;-1
Arruda dos Vinhos;6478;0;92;0;0;0;0;0;0;328;0;0;0;1291;0;0;0;0;0;0;0;0;0;0;0;0;0;4767;0;0;0;x;14589;2430;-1;9406;-1;2754;-1;1039;-1;1957;-1;53;846.3;4254;201;-1;0;-1;703;-1;215;-1;889;-1;235;-1;22;-1;0;-1;63;384.1;-1;39.7;-1
Bombarral;6070;0;0;0;0;0;0;87;0;501;0;0;0;0;2369;0;0;0;0;0;0;0;0;0;0;0;0;3113;0;0;0;x;12636;1596;-1;8085;-1;2955;-1;1458;-1;1550;-1;26;701.2;3593;715;-1;0;-1;463;-1;310;-1;1210;-1;186;-1;31;-1;0;-1;23;448.3;-1;42;-1
Cadaval;6663;0;305;0;0;0;0;0;0;404;0;0;0;4241;0;0;0;0;0;0;0;0;0;0;0;0;0;1713;0;0;0;x;13809;1770;-1;8384;-1;3655;-1;1823;-1;1671;-1;20;697.7;3440;914;-1;0;-1;423;-1;231;-1;991;-1;192;-1;19;-1;14;-1;39;515.3;-1;57.2;-1
Caldas da Rainha;20616;1201;1809;0;0;0;0;0;0;925;0;0;0;11405;0;0;0;0;0;0;0;0;0;0;0;0;0;5276;0;0;0;x;51550;6916;-1;33638;-1;10997;-1;4697;-1;7513;-1;147;752.6;16198;1030;-1;0;-1;2172;-1;1050;-1;3718;-1;2742;-1;129;-1;47;-1;152;1929;-1;219.5;-1
Lourinha;11899;0;0;1157;0;0;0;0;0;595;0;0;0;4083;0;0;0;0;0;0;0;0;0;0;0;0;0;5998;0;0;0;x;25624;3735;-1;16844;-1;5046;-1;2945;-1;3179;-1;37;706.5;7260;1913;-1;0;-1;852;-1;710;-1;1488;-1;432;-1;41;-1;37;-1;87;870.1;-1;103.2;-1
Nazare;6791;257;0;0;179;0;0;0;0;507;0;0;0;1801;0;0;0;0;0;0;0;0;0;0;0;0;0;4047;0;0;0;x;14386;1991;-1;9218;-1;3178;-1;1406;-1;1913;-1;40;704.8;3922;224;-1;0;-1;740;-1;200;-1;778;-1;348;-1;28;-1;0;-1;29;551.7;-1;72.3;-1
Obidos;5786;210;98;0;0;0;0;0;0;358;0;0;0;2957;0;0;0;0;0;0;0;0;0;0;0;0;0;2163;0;0;0;x;11634;1547;-1;7320;-1;2768;-1;1370;-1;1457;-1;56;789.3;3664;512;-1;0;-1;334;-1;372;-1;838;-1;231;-1;13;-1;11;-1;34;390;-1;36;-1
Peniche;12083;0;135;0;0;0;4053;0;0;1898;0;0;0;3643;0;0;0;0;0;0;0;0;0;0;0;0;0;2354;0;0;0;x;26921;3900;-1;17235;-1;5787;-1;2850;-1;3158;-1;57;737.2;6937;833;-1;0;-1;1639;-1;564;-1;1450;-1;312;-1;49;-1;13;-1;48;1089.9;-1;125.4;-1
Sobral de Monte Agrao;4639;0;0;0;0;0;0;0;0;2435;0;0;0;0;937;0;0;0;0;0;0;0;0;0;0;0;0;1267;0;0;0;x;10263;1550;-1;6886;-1;1827;-1;951;-1;1324;-1;20;717.4;2691;171;-1;0;-1;643;-1;252;-1;663;-1;279;-1;20;-1;0;-1;32;308.3;-1;34.8;-1
Torres Vedras;34695;1149;0;0;0;0;1154;0;0;2450;0;0;0;0;11382;0;0;0;0;0;0;0;0;0;0;0;0;18560;0;0;0;x;78845;11351;-1;51360;-1;16134;-1;7616;-1;10130;-1;232;778.4;26981;3069;-1;0;-1;5807;-1;2380;-1;6581;-1;1559;-1;154;-1;78;-1;330;3181;-1;379.3;-1
Agueda;23863;376;1330;0;0;0;10985;0;0;381;0;0;0;4837;0;0;0;0;0;0;0;0;0;0;0;0;0;5954;0;0;0;x;46713;5876;-1;30534;-1;10303;-1;4116;-1;5589;-1;120;798.1;19213;546;-1;65;-1;10056;-1;943;-1;3924;-1;704;-1;118;-1;30;-1;93;1574;-1;213.7;-1
Albergaria-a-Velha;13406;212;8408;0;0;0;0;74;0;227;0;0;0;3617;0;0;0;0;0;0;0;0;0;0;0;0;0;868;0;0;0;x;24412;3247;-1;16329;-1;4837;-1;2092;-1;2783;-1;63;804.1;8697;454;-1;0;-1;3871;-1;725;-1;1531;-1;324;-1;50;-1;0;-1;42;895.6;-1;138.7;-1
Anadia;14115;0;696;0;0;0;8462;0;0;668;0;0;0;4289;0;0;0;0;0;0;0;0;0;0;0;0;0;0;0;0;0;x;27899;3117;-1;17573;-1;7210;-1;3342;-1;3287;-1;62;780.7;8988;975;-1;0;-1;3616;-1;706;-1;1346;-1;473;-1;53;-1;15;-1;47;904;-1;106;-1
Aveiro;32397;2357;0;0;0;0;0;0;1139;1398;0;0;0;0;0;0;0;16787;0;0;0;0;0;0;0;0;0;10716;0;0;0;x;77062;10845;-1;51576;-1;14642;-1;4769;-1;10510;-1;300;926.7;28309;571;-1;11;-1;7319;-1;1343;-1;5349;-1;2793;-1;334;-1;0;-1;219;3538.2;-1;390.6;-1
Estarreja;11868;0;0;0;0;0;0;0;0;934;0;0;0;0;7256;0;0;0;0;0;0;0;0;0;0;0;0;3678;0;0;0;x;26290;3478;-1;17330;-1;5483;-1;2402;-1;2878;-1;40;862.4;7794;413;-1;0;-1;2447;-1;606;-1;1517;-1;612;-1;61;-1;0;-1;34;1130.7;-1;170.8;-1
Ilhavo;14772;640;0;0;0;0;0;0;0;460;0;0;0;7338;0;0;0;0;0;0;0;0;0;0;0;0;0;5531;0;0;0;x;38387;5428;-1;25909;-1;7051;-1;2602;-1;4761;-1;85;839.5;11867;1224;-1;49;-1;5151;-1;540;-1;1604;-1;710;-1;71;-1;0;-1;74;1677.6;-1;204.4;-1
Murtosa;4646;0;281;0;0;0;0;0;0;96;0;0;0;3516;0;0;0;0;0;0;0;0;0;0;0;0;0;753;0;0;0;x;10374;1537;-1;6682;-1;2156;-1;1199;-1;880;-1;8;673;2374;443;-1;0;-1;651;-1;210;-1;354;-1;149;-1;20;-1;0;-1;13;340.2;-1;47.9;-1
Oliveira do Bairro;10790;0;4756;0;0;0;2080;0;0;225;0;0;0;3729;0;0;0;0;0;0;0;0;0;0;0;0;0;0;0;0;0;x;23704;3410;-1;15413;-1;4881;-1;2341;-1;2628;-1;53;783.7;8559;400;-1;0;-1;3758;-1;593;-1;1917;-1;380;-1;51;-1;24;-1;58;745.7;-1;104.9;-1
Ovar;26586;939;1210;0;0;0;0;0;0;1159;0;0;0;18094;0;0;0;0;0;0;0;0;0;0;0;0;0;5184;0;0;0;x;54544;7210;-1;37507;-1;9828;-1;3949;-1;7022;-1;138;783.3;18370;387;-1;3;-1;7988;-1;847;-1;3821;-1;1443;-1;96;-1;9;-1;124;2903.3;-1;347.2;-1
Sever do Vouga;7305;0;1194;0;0;0;0;0;0;111;0;0;0;2435;0;0;0;0;0;0;0;0;0;0;0;0;0;3565;0;0;0;x;11777;1319;-1;7514;-1;2945;-1;1212;-1;1381;-1;27;780.1;3858;286;-1;4;-1;1681;-1;444;-1;659;-1;86;-1;26;-1;0;-1;27;419.6;-1;49.5;-1
Vagos;11417;0;2059;0;0;0;0;0;0;183;0;0;0;8181;0;0;0;0;0;0;0;0;0;0;0;0;0;994;0;0;0;x;22873;3114;-1;14946;-1;4813;-1;2666;-1;2486;-1;47;748.7;6919;380;-1;0;-1;2519;-1;496;-1;1409;-1;697;-1;39;-1;30;-1;55;662.3;-1;90;-1
Arganil;6814;0;0;0;0;0;0;0;0;306;0;0;0;3417;0;0;0;0;0;0;0;0;0;0;0;0;0;3091;0;0;0;x;11375;1152;-1;7032;-1;3191;-1;1952;-1;1249;-1;17;670.6;2526;149;-1;0;-1;687;-1;440;-1;530;-1;96;-1;18;-1;19;-1;20;460.8;-1;81.9;-1
Cantanhede;17307;0;404;0;0;0;0;0;0;714;0;0;0;11270;0;0;0;0;0;0;0;0;0;0;0;0;0;4919;0;0;0;x;35742;4171;-1;22310;-1;9262;-1;4846;-1;4096;-1;68;805.1;11365;1395;-1;48;-1;2941;-1;1193;-1;2488;-1;640;-1;84;-1;41;-1;64;1288;-1;139;-1
Coimbra;65125;0;0;0;0;0;15775;0;1096;5670;0;0;201;0;0;0;18151;0;0;0;0;0;0;0;0;0;0;24232;0;0;0;x;134463;16842;-1;85169;-1;32452;-1;9331;-1;21230;-1;439;900.6;40201;1028;-1;11;-1;3178;-1;2582;-1;8589;-1;3112;-1;497;-1;42;-1;497;6817.3;-1;847.6;-1
Condeixa-a-Nova;7469;643;0;0;0;0;0;0;0;530;0;0;0;1702;0;0;0;0;0;0;0;0;0;0;0;0;0;4594;0;0;0;x;17441;2586;-1;11490;-1;3366;-1;1705;-1;2438;-1;32;735.2;3566;131;-1;10;-1;729;-1;248;-1;658;-1;284;-1;27;-1;0;-1;33;578.8;-1;65;-1
Figueira da Foz;26563;1230;0;0;0;0;0;703;0;1846;0;0;0;8074;0;0;0;0;0;0;0;0;0;0;0;0;0;14199;0;0;0;x;60186;7388;-1;38151;-1;14647;-1;6642;-1;8623;-1;132;874.2;17766;1020;-1;39;-1;4347;-1;2163;-1;3075;-1;1491;-1;134;-1;16;-1;154;3242.8;-1;347.1;-1
Gois;2669;0;0;0;0;0;852;0;0;19;0;0;0;0;803;0;0;0;0;0;0;0;0;0;0;0;0;995;0;0;0;x;3961;407;-1;2326;-1;1229;-1;830;-1;393;-1;5;620.8;874;0;-1;0;-1;126;-1;232;-1;166;-1;43;-1;0;-1;0;-1;3;167.6;-1;29.9;-1
Lousa;7718;423;0;0;0;0;0;0;0;279;0;0;0;1634;0;0;0;0;0;0;0;0;0;0;0;0;0;5382;0;0;0;x;17216;2623;-1;11383;-1;3211;-1;1314;-1;2466;-1;38;744.7;3734;0;-1;0;-1;1097;-1;394;-1;752;-1;302;-1;30;-1;0;-1;34;771;-1;110.8;-1
Mealhada;8919;632;0;0;0;0;0;0;0;617;0;0;0;0;0;0;3156;0;0;0;0;0;0;0;0;0;0;4514;0;0;0;x;20128;2542;-1;13022;-1;4564;-1;1807;-1;2644;-1;36;739.1;5992;395;-1;0;-1;1078;-1;370;-1;999;-1;434;-1;39;-1;23;-1;46;646.7;-1;84.6;-1
Mira;7142;0;32;0;0;0;344;0;0;52;0;0;0;4483;0;0;0;0;0;0;0;0;0;0;0;0;0;2231;0;0;0;x;12064;1425;-1;7555;-1;3084;-1;1664;-1;1340;-1;30;711.9;3253;356;-1;0;-1;766;-1;293;-1;836;-1;113;-1;18;-1;0;-1;28;524.8;-1;54.3;-1
Miranda do Corvo;6742;187;0;0;0;0;0;0;0;460;0;0;0;0;2534;0;0;0;0;0;0;0;0;0;0;0;0;3561;0;0;0;x;12853;1420;-1;8602;-1;2832;-1;1366;-1;1640;-1;16;661.1;2228;264;-1;0;-1;139;-1;394;-1;583;-1;167;-1;15;-1;0;-1;21;437.1;-1;64.9;-1
Montemor-o-Velho;13473;199;0;0;0;0;0;0;0;951;0;0;0;0;4626;0;0;0;0;0;0;0;0;0;0;0;0;7254;0;0;0;x;25624;3141;-1;16441;-1;6043;-1;3265;-1;3402;-1;39;681.4;5108;0;-1;0;-1;716;-1;643;-1;834;-1;358;-1;25;-1;40;-1;33;1228.8;-1;130.9;-1
Mort_gua;5391;0;122;0;0;0;0;0;0;36;0;0;0;2681;0;0;0;0;0;0;0;0;0;0;0;0;0;2552;0;0;0;x;9130;935;-1;5552;-1;2644;-1;1437;-1;934;-1;17;758;3375;581;-1;0;-1;1060;-1;412;-1;527;-1;175;-1;25;-1;0;-1;10;247.9;-1;37.9;-1
Oliveira do Hospital;11641;0;0;0;821;0;0;0;0;263;0;0;0;2157;0;0;0;0;0;0;0;0;0;0;0;0;0;8400;0;0;0;x;19876;2253;-1;12547;-1;5076;-1;2695;-1;2123;-1;50;659.5;5461;193;-1;18;-1;1778;-1;1019;-1;1143;-1;163;-1;35;-1;26;-1;32;840.4;-1;148.3;-1
Pampilhosa da Serra;2401;0;0;0;0;0;0;0;0;87;0;0;0;1977;0;0;0;0;0;0;0;0;0;0;0;0;0;337;0;0;0;x;4128;299;-1;2166;-1;1663;-1;1213;-1;350;-1;8;679.8;506;54;-1;0;-1;41;-1;143;-1;100;-1;7;-1;9;-1;0;-1;7;126;-1;15;-1
Penacova;8280;0;123;0;0;0;0;0;0;407;0;0;0;3061;0;0;0;0;0;0;0;0;0;0;0;0;0;4689;0;0;0;x;14300;1518;-1;8916;-1;3867;-1;2163;-1;1437;-1;18;687.7;2945;162;-1;0;-1;275;-1;686;-1;665;-1;153;-1;20;-1;0;-1;27;443.5;-1;70.8;-1
Penela;3038;0;0;0;0;0;0;0;0;128;0;0;0;2029;0;0;0;0;0;0;0;0;0;0;0;0;0;881;0;0;0;x;5584;630;-1;3307;-1;1648;-1;916;-1;632;-1;10;677.5;1679;144;-1;0;-1;350;-1;208;-1;255;-1;174;-1;0;-1;0;-1;16;174.5;-1;28.1;-1
Soure;9051;0;0;0;0;0;0;0;0;1255;0;0;0;0;0;0;0;2071;0;0;0;0;0;0;0;0;0;5725;0;0;0;x;17913;1970;-1;10708;-1;5236;-1;3205;-1;2579;-1;18;698.4;3059;270;-1;47;-1;696;-1;243;-1;715;-1;141;-1;21;-1;10;-1;26;619.3;-1;83.2;-1
T_bua;6786;0;157;0;0;0;0;0;0;380;0;0;0;2457;0;0;0;0;0;0;0;0;0;0;0;0;0;3792;0;0;0;x;11675;1430;-1;7496;-1;2749;-1;1575;-1;1201;-1;16;616.3;4418;153;-1;4;-1;2738;-1;279;-1;508;-1;74;-1;16;-1;0;-1;28;478.2;-1;64.3;-1
Vila Nova de Poiares;3618;0;0;0;0;0;0;0;0;72;0;0;0;992;0;0;0;0;0;0;0;0;0;0;0;0;0;2554;0;0;0;x;7033;927;-1;4788;-1;1319;-1;803;-1;867;-1;8;688.6;2347;77;-1;0;-1;570;-1;124;-1;984;-1;112;-1;0;-1;0;-1;16;303.4;-1;60.8;-1
Alvai_zere;4019;0;519;0;0;0;0;0;0;43;0;0;0;2104;0;0;0;0;0;0;0;0;0;0;0;0;0;1353;0;0;0;x;6842;650;-1;3992;-1;2201;-1;1364;-1;708;-1;8;623;1965;185;-1;0;-1;233;-1;324;-1;423;-1;28;-1;12;-1;0;-1;12;265;-1;38;-1
Ansiæo;7028;0;205;0;0;0;0;0;0;187;0;0;0;2961;0;0;0;0;0;0;0;0;0;0;0;0;0;3675;0;0;0;x;12512;1348;-1;7793;-1;3371;-1;2027;-1;1566;-1;21;692;3476;156;-1;0;-1;776;-1;590;-1;774;-1;116;-1;24;-1;11;-1;28;517.2;-1;78.3;-1
Batalha;7221;0;968;0;0;0;0;0;0;294;0;0;0;4343;0;0;0;0;0;0;0;0;0;0;0;0;0;1616;0;0;0;x;15839;2239;-1;10439;-1;3162;-1;1478;-1;2013;-1;49;753.9;7088;209;-1;83;-1;1943;-1;1163;-1;1761;-1;376;-1;32;-1;0;-1;50;441;-1;59;-1
Castanheira de Pra;1914;0;0;90;0;0;0;0;0;23;0;0;0;937;0;0;0;0;0;0;0;0;0;0;0;0;0;864;0;0;0;x;2769;243;-1;1582;-1;945;-1;518;-1;294;-1;2;787.9;632;37;-1;0;-1;197;-1;43;-1;111;-1;52;-1;0;-1;0;-1;3;174.3;-1;21.3;-1
Figueiro dos Vinhos;3905;0;0;0;0;0;795;0;0;26;0;0;0;0;1197;0;0;0;0;0;0;0;0;0;0;0;0;1887;0;0;0;x;5784;555;-1;3403;-1;1827;-1;1037;-1;634;-1;14;687.4;1072;100;-1;0;-1;137;-1;179;-1;283;-1;37;-1;0;-1;0;-1;9;337.8;-1;45.5;-1
Leiria;58368;1689;3119;0;0;0;0;0;1359;1488;0;0;207;0;0;0;0;0;0;16724;0;0;0;0;0;0;0;33782;0;0;0;x;125622;17600;-1;83975;-1;24047;-1;10931;-1;17851;-1;480;821.2;49221;1589;-1;226;-1;12362;-1;6721;-1;11226;-1;3350;-1;401;-1;93;-1;365;4124.7;-1;535;-1
Marinha Grande;15828;815;0;0;0;0;4991;0;0;4129;0;0;0;0;0;0;0;0;0;818;0;0;0;0;0;0;0;4940;0;0;0;x;38587;5412;-1;24988;-1;8188;-1;3198;-1;5809;-1;99;950.6;14786;83;-1;0;-1;7339;-1;401;-1;2394;-1;1045;-1;81;-1;0;-1;92;1444.3;-1;179.2;-1
Pedrogao Grande;2247;0;31;0;0;0;0;0;0;33;0;0;0;885;0;0;0;0;0;0;0;0;0;0;0;0;0;1298;0;0;0;x;3539;384;-1;2064;-1;1092;-1;697;-1;392;-1;6;659.7;895;90;-1;0;-1;246;-1;56;-1;189;-1;50;-1;0;-1;0;-1;6;162.6;-1;28;-1
Pombal;24793;612;1689;0;0;0;6722;233;0;323;0;0;0;12154;0;0;0;0;0;0;0;0;0;0;0;0;0;3060;0;0;0;x;53288;6656;-1;33912;-1;12721;-1;8928;-1;6453;-1;132;745.3;17587;678;-1;254;-1;3592;-1;3483;-1;3719;-1;636;-1;118;-1;87;-1;126;1573;-1;235;-1
Porto de Mos;12170;0;0;0;0;0;3151;0;0;346;0;0;0;4767;0;0;0;0;0;0;0;0;0;0;0;0;0;3906;0;0;0;x;23713;3130;-1;15396;-1;5187;-1;2569;-1;2801;-1;60;766;7846;356;-1;355;-1;2767;-1;816;-1;1437;-1;288;-1;56;-1;31;-1;55;831.9;-1;123.4;-1
Aguiar da Beira;4016;0;82;0;0;0;2081;0;0;29;0;0;0;1824;0;0;0;0;0;0;0;0;0;0;0;0;0;0;0;0;0;x;4987;445;-1;3195;-1;1348;-1;1236;-1;514;-1;11;604;1416;290;-1;26;-1;168;-1;202;-1;376;-1;14;-1;13;-1;0;-1;8;180.3;-1;28.6;-1
Carregal do Sal;4959;0;0;0;0;0;0;0;0;115;0;0;0;1922;0;0;0;0;0;0;0;0;0;0;0;0;0;2544;0;0;0;x;9526;1171;-1;5926;-1;2430;-1;1317;-1;993;-1;16;703.2;2559;191;-1;0;-1;929;-1;241;-1;369;-1;97;-1;16;-1;0;-1;15;375.5;-1;43.8;-1
Castro Daire;9214;0;0;0;0;0;0;0;0;221;0;0;0;0;4768;0;0;0;0;0;0;0;0;0;0;0;0;4225;0;0;0;x;14448;1692;-1;8722;-1;4035;-1;2765;-1;1262;-1;18;638.6;2836;323;-1;76;-1;419;-1;391;-1;765;-1;72;-1;27;-1;5;-1;25;786.5;-1;126.2;-1
Mangualde;10418;0;0;0;0;0;0;0;0;415;0;0;0;2376;0;0;0;0;0;0;0;0;0;0;0;0;0;7627;0;0;0;x;19145;2410;-1;12008;-1;4728;-1;2272;-1;2135;-1;37;738.6;6954;446;-1;70;-1;2448;-1;374;-1;1068;-1;140;-1;39;-1;0;-1;23;941.3;-1;137.3;-1
Nelas;7869;0;2065;0;0;0;467;0;0;127;0;0;0;1187;0;0;0;0;0;0;0;0;0;0;0;0;0;4023;0;0;0;x;13413;1693;-1;8287;-1;3434;-1;1529;-1;1601;-1;14;804;3588;345;-1;0;-1;1426;-1;336;-1;548;-1;145;-1;31;-1;0;-1;45;539.9;-1;76.4;-1
Oliveira de Frades;5934;0;0;0;0;0;0;0;0;163;0;0;0;0;2475;0;0;0;0;0;0;0;0;0;0;0;0;427;0;0;0;x;10030;1356;-1;6516;-1;2158;-1;1041;-1;1132;-1;27;865.9;5536;553;-1;0;-1;2500;-1;745;-1;949;-1;113;-1;22;-1;0;-1;29;362.3;-1;55.3;-1
Penalva do Castelo;5042;0;0;0;0;0;0;0;0;150;0;0;0;0;0;0;1307;0;0;0;0;0;0;0;0;0;0;3585;0;0;0;x;7440;788;-1;4495;-1;2157;-1;1509;-1;640;-1;7;639;1588;419;-1;38;-1;131;-1;359;-1;219;-1;23;-1;0;-1;0;-1;6;394.2;-1;44.1;-1
Santa Comba Dao;5812;0;0;0;0;0;0;0;0;179;0;0;0;0;2040;0;0;0;0;0;0;0;0;0;0;0;0;3593;0;0;0;x;10831;1242;-1;6636;-1;2953;-1;1432;-1;1255;-1;16;705.1;2378;168;-1;0;-1;490;-1;342;-1;463;-1;256;-1;0;-1;0;-1;14;434.5;-1;57.8;-1
Sao Pedro do Sul;10290;0;0;0;0;0;0;0;0;258;0;0;0;3525;0;0;0;0;0;0;0;0;0;0;0;0;0;6507;0;0;0;x;15970;1798;-1;9736;-1;4437;-1;2341;-1;1779;-1;32;630.7;3409;513;-1;0;-1;681;-1;390;-1;685;-1;153;-1;23;-1;21;-1;22;746.8;-1;121.2;-1
S_tao;7336;0;0;0;0;0;3487;0;0;192;0;0;0;3657;0;0;0;0;0;0;0;0;0;0;0;0;0;0;0;0;0;x;11892;1305;-1;7790;-1;2798;-1;1913;-1;1249;-1;16;597.4;2415;313;-1;0;-1;420;-1;490;-1;485;-1;75;-1;18;-1;0;-1;15;636.2;-1;96.9;-1
Tondela;15646;0;1786;0;0;0;0;0;0;585;0;0;0;9453;0;0;0;0;0;0;0;0;0;0;0;0;0;3822;0;0;0;x;27508;2897;-1;16658;-1;7954;-1;3832;-1;3073;-1;36;777.8;7728;974;-1;8;-1;2495;-1;705;-1;1307;-1;456;-1;56;-1;0;-1;39;828;-1;135.7;-1
Vila Nova de Paiva;3068;0;0;0;0;0;0;0;0;114;0;0;0;0;1085;0;0;0;0;0;0;0;0;0;0;0;0;1869;0;0;0;x;4871;564;-1;3018;-1;1290;-1;888;-1;518;-1;5;612.3;879;166;-1;0;-1;140;-1;114;-1;210;-1;19;-1;0;-1;0;-1;8;261.6;-1;42.3;-1
Viseu;45086;2293;2442;0;0;0;0;0;1043;1846;0;0;0;24786;0;0;0;0;0;0;0;0;0;0;0;0;0;12676;0;0;0;x;98007;13817;-1;64530;-1;19661;-1;8360;-1;13792;-1;273;763.3;25974;1268;-1;0;-1;3241;-1;3499;-1;5966;-1;1781;-1;614;-1;21;-1;262;4840.5;-1;673.9;-1
Vouzela;5988;0;217;0;0;0;0;0;0;110;0;0;0;3902;0;0;0;0;0;0;0;0;0;0;0;0;0;1759;0;0;0;x;9982;1068;-1;6100;-1;2814;-1;1360;-1;1038;-1;18;678.7;2175;481;-1;0;-1;486;-1;338;-1;339;-1;82;-1;0;-1;0;-1;19;374.6;-1;50;-1
Castelo Branco;25194;1194;893;0;0;0;0;0;0;1209;0;0;0;6214;0;0;0;0;0;0;0;0;0;0;0;0;0;15684;0;0;0;x;53317;6614;-1;33537;-1;13167;-1;6030;-1;8265;-1;108;745.8;12643;839;-1;0;-1;2218;-1;1233;-1;2691;-1;637;-1;148;-1;0;-1;94;2409.4;-1;243.7;-1
Idanha-a-Nova;4628;0;0;0;0;0;0;0;0;395;0;0;0;0;1070;0;0;0;0;0;0;0;0;0;0;0;0;3163;0;0;0;x;8626;827;-1;4247;-1;3553;-1;2491;-1;747;-1;25;668.5;1714;537;-1;0;-1;173;-1;154;-1;279;-1;43;-1;0;-1;23;-1;14;435.9;-1;50.3;-1
Oleiros;3501;0;0;0;0;0;0;0;0;66;0;0;0;2133;0;0;0;0;0;0;0;0;0;0;0;0;0;0;0;0;0;x;5234;333;-1;2884;-1;2017;-1;1381;-1;432;-1;6;679.1;1001;124;-1;0;-1;295;-1;139;-1;189;-1;35;-1;11;-1;0;-1;6;137.8;-1;16.3;-1
Penamacor;3411;0;59;0;0;0;974;0;0;33;0;0;0;0;0;0;0;0;0;0;0;0;0;0;0;0;0;2345;0;0;0;x;5061;330;-1;2687;-1;2044;-1;1451;-1;456;-1;4;657.2;861;160;-1;0;-1;93;-1;174;-1;164;-1;65;-1;0;-1;0;-1;8;178.9;-1;21.8;-1
Proenca-a-Nova;4798;0;0;0;0;0;0;0;0;71;0;0;0;1015;0;0;0;0;0;0;0;0;0;0;0;0;0;3712;0;0;0;x;7682;665;-1;4556;-1;2462;-1;1451;-1;937;-1;7;667.2;1696;179;-1;0;-1;354;-1;238;-1;383;-1;103;-1;16;-1;0;-1;9;220;-1;26.4;-1
Vila Velha de Rodao;2068;0;0;0;0;0;0;0;0;78;0;0;0;0;496;0;0;0;0;0;0;0;0;0;0;0;0;1494;0;0;0;x;3261;164;-1;1808;-1;1289;-1;616;-1;309;-1;5;939.2;920;126;-1;0;-1;441;-1;65;-1;60;-1;30;-1;0;-1;0;-1;8;86.8;-1;11.1;-1
Abrantes;16513;1926;964;0;0;0;0;0;0;1679;0;0;0;2692;0;0;0;0;0;0;0;0;0;0;0;0;0;9252;0;0;0;x;36493;4232;-1;22255;-1;10006;-1;4396;-1;4933;-1;56;835.4;7431;553;-1;0;-1;1882;-1;485;-1;1685;-1;446;-1;78;-1;14;-1;62;1867.1;-1;214.3;-1
Alcanena;6468;0;0;0;0;0;0;0;0;625;0;0;0;0;0;2050;0;0;0;0;0;0;0;0;0;0;0;3793;0;0;0;x;13131;1704;-1;8135;-1;3293;-1;1342;-1;1807;-1;27;799.3;6419;100;-1;0;-1;2576;-1;194;-1;1404;-1;172;-1;29;-1;0;-1;43;402.7;-1;59.1;-1
Const_ncia;2358;0;0;0;0;127;173;0;0;747;0;0;0;0;0;0;0;0;0;0;0;0;0;0;0;0;0;1311;0;0;0;x;3987;568;-1;2534;-1;886;-1;404;-1;556;-1;4;943.6;975;32;-1;0;-1;599;-1;18;-1;51;-1;30;-1;13;-1;0;-1;8;174.9;-1;18.8;-1
Entroncamento;8979;1152;679;0;0;0;0;0;0;505;0;0;0;2356;0;0;0;0;0;0;0;0;0;0;0;0;0;4287;0;0;0;x;20683;3143;-1;13710;-1;3830;-1;1002;-1;3615;-1;42;854.4;4565;44;-1;0;-1;1371;-1;197;-1;1086;-1;444;-1;44;-1;0;-1;47;762.4;-1;94.8;-1
Ferreira do Zezere;4856;91;0;0;0;0;296;0;0;71;0;0;0;2295;0;0;0;0;0;0;0;0;0;0;0;0;0;1456;0;0;0;x;8159;905;-1;5030;-1;2225;-1;1453;-1;892;-1;10;663.9;2283;528;-1;0;-1;408;-1;466;-1;401;-1;80;-1;10;-1;0;-1;18;206.6;-1;46.1;-1
Macao;4387;0;163;0;0;0;0;0;0;108;0;0;0;3025;0;0;0;0;0;0;0;0;0;0;0;0;0;1091;0;0;0;x;6642;506;-1;3693;-1;2444;-1;1346;-1;653;-1;12;653.6;1299;142;-1;0;-1;274;-1;198;-1;315;-1;63;-1;0;-1;0;-1;10;227.2;-1;24.2;-1
Ourem;22292;0;0;0;0;0;2198;0;0;769;0;0;0;0;11179;0;0;0;0;0;0;0;0;0;0;0;0;8146;0;0;0;x;44894;5769;-1;29353;-1;9773;-1;5947;-1;5559;-1;116;749.6;14856;409;-1;0;-1;2837;-1;2541;-1;3293;-1;699;-1;140;-1;12;-1;126;1202.2;-1;189.1;-1
Sardoal;2331;0;0;0;0;0;0;0;0;76;0;0;0;1373;0;0;0;0;0;0;0;0;0;0;0;0;0;882;0;0;0;x;3807;390;-1;2435;-1;982;-1;451;-1;498;-1;1;655.9;721;86;-1;0;-1;83;-1;157;-1;135;-1;42;-1;0;-1;0;-1;10;174.3;-1;23.7;-1
Serta;8702;0;203;0;0;0;0;0;0;114;0;0;0;5331;0;0;0;0;0;0;0;0;0;0;0;0;0;3054;0;0;0;x;15074;1754;-1;9077;-1;4244;-1;2592;-1;1785;-1;25;652.3;3814;391;-1;0;-1;765;-1;611;-1;898;-1;108;-1;30;-1;35;-1;17;609.3;-1;106.6;-1
Tomar;18525;1194;661;0;0;0;0;0;0;1548;0;0;0;6817;0;0;0;0;0;0;0;0;0;0;0;0;0;7972;0;0;333;x;37989;4222;-1;23567;-1;10201;-1;4049;-1;5456;-1;74;771.6;7295;295;-1;0;-1;1239;-1;660;-1;1875;-1;476;-1;83;-1;9;-1;67;1333.1;-1;171.7;-1
Torres Novas;16267;2498;745;0;0;0;0;0;0;1606;0;0;0;2565;0;0;0;0;0;0;0;0;0;0;0;0;0;8853;0;0;0;x;35504;4498;-1;22210;-1;8796;-1;3412;-1;5155;-1;88;799.9;9418;428;-1;0;-1;2014;-1;741;-1;1894;-1;716;-1;97;-1;0;-1;64;1281.2;-1;165;-1
Vila de Rei;1941;0;70;0;0;0;0;0;0;63;0;0;0;1231;0;0;0;0;0;0;0;0;0;0;0;0;0;577;0;0;0;x;3374;220;-1;2002;-1;1152;-1;686;-1;328;-1;14;628.6;656;56;-1;0;-1;160;-1;132;-1;105;-1;24;-1;8;-1;0;-1;7;92.6;-1;17;-1
Vila Nova da Barquinha;3314;0;0;0;0;0;0;0;0;418;0;0;0;0;602;0;0;0;0;0;0;0;0;0;0;0;0;2294;0;0;0;x;7300;907;-1;4476;-1;1918;-1;626;-1;1061;-1;11;677.3;892;15;-1;0;-1;81;-1;59;-1;285;-1;93;-1;8;-1;0;-1;8;267.5;-1;44.8;-1
Almeida;4604;0;0;0;0;0;538;0;0;263;0;0;0;2609;0;0;0;0;0;0;0;0;0;0;0;0;0;1194;0;0;0;x;6263;392;-1;3609;-1;2263;-1;1150;-1;794;-1;6;637.9;1138;244;-1;0;-1;58;-1;119;-1;228;-1;56;-1;19;-1;0;-1;8;180.4;-1;23.8;-1
Belmonte;3795;0;51;0;0;0;0;0;0;254;0;0;0;0;0;0;0;0;0;1240;0;0;0;0;0;0;0;2250;0;0;0;x;6519;685;-1;4165;-1;1669;-1;988;-1;796;-1;15;647.4;1952;164;-1;0;-1;779;-1;173;-1;361;-1;70;-1;15;-1;0;-1;9;403.9;-1;49.6;-1
Celorico da Beira;5156;0;0;0;89;0;870;0;0;38;0;0;0;2198;0;0;0;0;0;0;0;0;0;0;0;0;0;1961;0;0;0;x;7207;787;-1;4287;-1;2134;-1;1312;-1;722;-1;6;616.4;1391;169;-1;0;-1;367;-1;92;-1;247;-1;46;-1;16;-1;0;-1;14;349.3;-1;49.2;-1
Covilha;27629;630;4371;0;0;0;5257;0;0;1799;0;0;0;0;0;0;0;0;0;0;0;2135;0;0;0;0;0;13437;0;0;0;x;48463;5549;-1;30323;-1;12591;-1;5682;-1;6817;-1;79;725.2;12127;465;-1;315;-1;3582;-1;800;-1;2223;-1;798;-1;117;-1;0;-1;107;2838.8;-1;324.3;-1
Figueira de Castelo Rodrigo;4087;0;43;0;0;0;0;0;0;27;0;0;0;1773;0;0;0;0;0;0;0;0;0;0;0;0;0;2244;0;0;0;x;5882;656;-1;3374;-1;1853;-1;1150;-1;528;-1;8;629.7;1257;547;-1;0;-1;116;-1;87;-1;186;-1;23;-1;15;-1;0;-1;8;270.8;-1;41.5;-1
Fornos de Algodres;3421;0;233;0;0;0;0;0;0;45;0;0;0;1017;0;0;0;0;0;0;0;0;0;0;0;0;0;2126;0;0;0;x;4758;465;-1;2980;-1;1314;-1;866;-1;423;-1;5;593.3;859;0;-1;0;-1;125;-1;121;-1;186;-1;23;-1;0;-1;0;-1;4;210.1;-1;30.8;-1
Fundao;15181;0;568;0;0;0;0;0;0;1079;0;0;0;8893;0;0;0;0;0;0;0;0;0;0;0;0;0;4641;0;0;0;x;27535;3091;-1;16827;-1;7618;-1;4506;-1;3099;-1;39;677.7;6966;1119;-1;0;-1;1509;-1;570;-1;1557;-1;243;-1;57;-1;29;-1;65;1507.8;-1;181.2;-1
Gouveia;7228;0;407;0;0;0;0;0;0;245;0;0;0;4140;0;0;0;0;0;0;0;0;0;0;0;0;0;2436;0;0;0;x;13019;1192;-1;7537;-1;4291;-1;2126;-1;1279;-1;21;663.3;2194;300;-1;0;-1;234;-1;277;-1;563;-1;144;-1;27;-1;6;-1;24;584.3;-1;74;-1
Guarda;22537;718;0;0;1321;0;0;0;0;499;0;0;0;14476;0;0;0;0;0;0;0;0;0;0;0;0;0;5523;0;0;0;x;40048;4954;-1;26281;-1;8813;-1;3848;-1;5812;-1;86;756.3;11641;708;-1;10;-1;2158;-1;1039;-1;2547;-1;363;-1;125;-1;0;-1;119;1891.8;-1;216;-1
Manteigas;2245;0;16;0;0;0;391;0;0;72;0;0;0;837;0;0;0;0;0;0;0;0;0;0;0;0;0;929;0;0;0;x;3169;267;-1;2010;-1;893;-1;436;-1;368;-1;2;679.6;575;28;-1;0;-1;65;-1;145;-1;102;-1;23;-1;0;-1;0;-1;4;165.3;-1;19.2;-1
Muda;3501;0;1018;0;0;0;0;0;0;31;0;0;0;986;0;0;0;0;0;0;0;0;0;0;0;0;0;1466;0;0;0;x;4771;431;-1;2656;-1;1685;-1;1017;-1;426;-1;4;634.8;1227;455;-1;0;-1;99;-1;222;-1;175;-1;33;-1;10;-1;0;-1;4;113.8;-1;23;-1
Pinhel;5484;0;0;0;0;0;0;0;0;81;0;0;0;3748;0;0;0;0;0;0;0;0;0;0;0;0;0;1582;0;0;0;x;8913;845;-1;5120;-1;2948;-1;1642;-1;941;-1;12;641;2584;1098;-1;0;-1;320;-1;278;-1;399;-1;63;-1;0;-1;6;-1;14;295.3;-1;41.8;-1
Sabugal;7697;0;0;267;0;0;0;0;0;154;0;0;0;4179;0;0;0;0;0;0;0;0;0;0;0;0;0;3097;0;0;0;x;11366;852;-1;6142;-1;4372;-1;2783;-1;1092;-1;9;642.4;2295;421;-1;0;-1;347;-1;339;-1;543;-1;63;-1;27;-1;0;-1;10;348.5;-1;60.2;-1
Seia;12843;0;430;0;0;0;2124;0;0;677;0;0;0;2380;0;0;0;0;0;0;0;0;0;0;0;0;0;7232;0;0;0;x;23178;2355;-1;14534;-1;6290;-1;3096;-1;2768;-1;30;672.7;5218;0;-1;0;-1;1250;-1;589;-1;1330;-1;166;-1;53;-1;38;-1;45;1051.9;-1;143.3;-1
Trancoso;5834;0;317;0;0;0;0;0;0;151;0;0;0;1915;0;0;0;0;0;0;0;0;0;0;0;0;0;3451;0;0;0;x;9277;842;-1;5600;-1;2835;-1;1620;-1;1002;-1;6;683.4;2530;667;-1;0;-1;219;-1;273;-1;681;-1;44;-1;23;-1;0;-1;17;263.2;-1;36.8;-1
Alcochete;7583;0;0;0;0;1963;0;0;0;2666;98;0;0;0;0;0;0;0;0;0;0;0;0;0;0;0;0;2856;0;0;0;x;18914;3377;-1;12449;-1;3088;-1;1090;-1;2926;-1;46;1379.2;4991;418;-1;0;-1;627;-1;450;-1;1573;-1;391;-1;29;-1;0;-1;99;766.5;-1;87.3;-1
Almada;63146;6409;1694;0;0;0;0;0;2588;20497;1211;0;290;9362;0;0;0;0;0;0;0;0;0;0;0;0;0;20910;0;0;185;x;169510;25539;-1;106036;-1;37935;-1;11069;-1;28068;-1;535;875.2;33497;376;-1;9;-1;1800;-1;2544;-1;6130;-1;5640;-1;416;-1;0;-1;860;8163.3;-1;812.4;-1
Amadora;58589;4321;0;0;0;0;1646;0;2009;7601;1090;0;0;0;11253;0;0;0;0;0;0;0;0;0;0;0;0;29845;0;0;163;x;177407;27042;-1;110456;-1;39910;-1;11752;-1;28390;-1;494;1091.6;51367;0;-1;0;-1;4027;-1;3486;-1;10846;-1;12484;-1;367;-1;0;-1;799;8062.6;-1;858.7;-1
Barreiro;32970;2302;550;0;0;0;0;0;937;11414;593;0;392;3906;0;0;0;0;0;0;0;0;0;0;0;0;0;12876;0;0;0;x;76206;10899;-1;46195;-1;19113;-1;5249;-1;12494;-1;117;857.1;12155;119;-1;9;-1;1529;-1;1217;-1;2522;-1;1206;-1;152;-1;0;-1;187;4380.8;-1;480.9;-1
Cascais;73450;4056;0;0;0;0;0;0;3529;5759;466;0;0;0;35520;0;0;0;0;0;0;0;0;0;0;0;0;22492;0;0;0;x;210625;34177;-1;135105;-1;41343;-1;9767;-1;37171;-1;1151;985.6;64739;0;-1;0;-1;3871;-1;4255;-1;13468;-1;7515;-1;525;-1;0;-1;1296;9259.2;-1;812.6;-1
Lisboa;241983;18025;0;0;51984;0;0;0;7658;24110;1309;0;1179;28336;0;0;0;0;0;0;0;0;0;0;0;0;0;106037;0;0;352;x;504718;77521;-1;284170;-1;143027;-1;32413;-1;80869;-1;5386;1289.4;564986;4641;-1;377;-1;17080;-1;17116;-1;109946;-1;142140;-1;17839;-1;391;-1;5105;26881.7;-1;2491.8;-1
Loures;83438;3107;2508;0;0;0;0;0;1824;28701;2232;0;0;0;0;0;0;0;0;0;0;18877;0;0;0;0;0;24737;0;0;267;x;206719;32384;-1;131461;-1;42874;-1;13596;-1;31177;-1;591;943.5;61192;0;-1;0;-1;7660;-1;4494;-1;14427;-1;8610;-1;298;-1;46;-1;852;8787.9;-1;914.6;-1
Mafra;31315;1290;0;0;659;0;0;0;1034;1957;0;0;0;18738;0;0;0;0;0;0;0;0;0;0;0;0;0;7637;0;0;0;x;82271;14764;-1;54578;-1;12929;-1;4889;-1;11779;-1;329;740.2;26573;1105;-1;9;-1;3879;-1;1895;-1;5394;-1;4293;-1;143;-1;41;-1;481;2488.9;-1;222.1;-1
Moita;23568;2565;0;0;0;0;0;0;890;10173;667;0;0;0;0;2095;0;0;0;0;0;0;0;0;0;0;0;7178;0;0;0;x;64936;10142;-1;42153;-1;12641;-1;5139;-1;9906;-1;107;796.9;8611;291;-1;0;-1;1443;-1;988;-1;1821;-1;889;-1;95;-1;0;-1;186;4116.2;-1;464.3;-1
Montijo;18065;960;0;0;0;0;0;0;460;3803;310;0;0;0;3676;0;0;0;0;0;0;0;0;0;0;0;0;8591;0;0;265;x;55448;9430;-1;36675;-1;9343;-1;4124;-1;8215;-1;142;807.1;15494;2469;-1;0;-1;1772;-1;639;-1;2975;-1;3345;-1;106;-1;0;-1;229;2825.7;-1;308.2;-1
Odivelas;55143;3559;0;0;0;0;0;0;1958;8671;923;0;352;0;12701;0;0;0;0;0;0;0;0;0;0;0;0;26381;0;0;136;x;155273;24779;-1;99833;-1;30661;-1;8274;-1;23533;-1;548;773;30697;259;-1;0;-1;3347;-1;3560;-1;6346;-1;5779;-1;240;-1;0;-1;688;6216.8;-1;550.7;-1
Oeiras;77948;2556;0;0;0;0;46853;0;2456;6451;84;0;263;0;0;0;0;7216;0;0;0;0;0;0;0;0;0;11042;0;0;46;x;173794;27288;-1;106034;-1;40473;-1;7196;-1;30518;-1;831;1404.7;137843;0;-1;0;-1;7548;-1;16021;-1;31267;-1;32307;-1;3489;-1;0;-1;1450;6265;-1;527.8;-1
Palmela;21926;1391;0;0;0;0;1896;0;0;9397;0;0;0;0;2702;0;0;0;0;0;0;0;0;0;0;0;0;6540;0;0;0;x;64128;10346;-1;41700;-1;12082;-1;5271;-1;9448;-1;180;1054.9;23426;0;-1;0;-1;9236;-1;1834;-1;2962;-1;2623;-1;94;-1;22;-1;223;2456.1;-1;260.8;-1
Seixal;56177;4442;1639;0;0;0;0;0;2448;21715;0;0;0;7036;0;0;0;0;0;0;0;0;0;0;0;0;0;18679;0;0;218;x;164874;25937;-1;108928;-1;30010;-1;8558;-1;26710;-1;428;1001.1;28919;0;-1;0;-1;3738;-1;2771;-1;6725;-1;3813;-1;242;-1;0;-1;571;7183.5;-1;698;-1
Sesimbra;18084;1089;0;0;0;0;1782;0;0;7964;0;0;0;0;1947;0;0;0;0;0;0;0;0;0;0;0;0;5302;0;0;0;x;50853;8569;-1;33786;-1;8499;-1;3167;-1;7998;-1;110;766.9;8937;711;-1;71;-1;585;-1;1084;-1;1741;-1;1047;-1;86;-1;9;-1;205;1877.6;-1;196.1;-1
Setubal;43109;2354;1437;0;0;0;0;0;1286;22429;801;0;0;4910;0;0;0;0;0;0;0;0;0;0;0;0;0;9777;0;0;115;x;117380;18578;-1;74287;-1;24515;-1;8977;-1;19196;-1;323;972.7;30184;0;-1;0;-1;4584;-1;2220;-1;5176;-1;5752;-1;317;-1;10;-1;423;6022.9;-1;683.7;-1
Sintra;125544;8314;0;0;0;0;0;0;4874;12481;1037;0;1021;0;0;0;38385;0;0;0;0;0;0;0;0;0;0;56963;0;0;275;x;383234;63414;-1;257773;-1;62048;-1;18351;-1;66819;-1;1180;1010.1;97621;1017;-1;160;-1;14111;-1;10324;-1;24741;-1;14707;-1;657;-1;10;-1;1655;15951.8;-1;1567;-1
Vila Franca de Xira;51135;3784;0;0;0;0;0;0;2133;16479;0;0;0;0;0;0;7378;0;0;0;0;0;0;0;0;0;0;21141;0;0;220;x;140729;22996;-1;94761;-1;22972;-1;7469;-1;24215;-1;313;962.9;36145;0;-1;0;-1;6701;-1;2038;-1;5986;-1;4876;-1;272;-1;23;-1;569;5278.7;-1;520.9;-1
Alc_cer do Sal;6098;220;0;0;0;0;0;0;0;2956;0;0;0;0;315;0;0;0;0;0;0;0;0;0;0;0;0;2607;0;0;0;x;12085;1462;-1;7219;-1;3405;-1;2142;-1;1387;-1;33;762.4;3090;1093;-1;0;-1;317;-1;226;-1;494;-1;157;-1;23;-1;0;-1;21;384.8;-1;54.8;-1
Grandola;7335;91;0;0;0;0;977;0;0;3275;0;0;35;588;0;0;0;0;0;0;0;0;0;0;0;0;0;2369;0;0;0;x;14685;1848;-1;9102;-1;3736;-1;2404;-1;1862;-1;35;709.5;3489;680;-1;0;-1;0;-1;298;-1;635;-1;224;-1;27;-1;11;-1;39;505.4;-1;69.3;-1
Odemira;12293;649;288;0;0;0;0;0;0;3016;0;0;0;1151;0;0;0;0;0;0;0;0;0;0;0;0;0;7189;0;0;0;x;25026;2908;-1;15332;-1;6787;-1;5247;-1;3114;-1;60;688.5;9571;3998;-1;0;-1;225;-1;770;-1;1267;-1;1283;-1;41;-1;43;-1;38;1060.7;-1;97;-1
Santiago do Cacem;12700;918;0;0;0;0;0;0;0;6094;0;0;0;0;2054;0;0;0;0;0;0;0;0;0;0;0;0;3634;0;0;0;x;29115;3573;-1;18157;-1;7385;-1;3881;-1;4602;-1;35;764.9;6535;1172;-1;0;-1;673;-1;742;-1;1480;-1;461;-1;56;-1;77;-1;55;1258.6;-1;115;-1
Sines;6101;168;0;0;174;0;974;0;0;1046;0;0;0;0;0;0;0;0;0;0;0;0;0;0;0;0;0;3739;0;0;0;x;13672;1906;-1;9068;-1;2698;-1;1278;-1;2198;-1;30;1289.1;5548;236;-1;0;-1;974;-1;418;-1;985;-1;1066;-1;44;-1;0;-1;38;1049.4;-1;144;-1
Aljustrel;5593;0;0;0;0;0;0;0;0;2104;0;0;0;0;99;0;0;0;0;0;0;0;0;0;0;0;0;3390;0;0;0;x;8541;963;-1;5333;-1;2245;-1;1329;-1;1018;-1;5;798.6;2364;395;-1;0;-1;249;-1;133;-1;447;-1;91;-1;11;-1;31;-1;10;405.7;-1;57.6;-1
Almodavar;4535;77;0;0;0;0;0;0;0;96;0;0;0;1273;0;0;0;0;0;0;0;0;0;0;0;0;0;3089;0;0;0;x;6927;801;-1;4098;-1;2029;-1;1602;-1;767;-1;8;657.2;1408;355;-1;0;-1;124;-1;235;-1;244;-1;65;-1;15;-1;0;-1;9;328.8;-1;39.8;-1
Alvito;1227;0;26;0;0;0;0;0;0;642;0;0;0;143;0;0;0;0;0;0;0;0;0;0;0;0;0;416;0;0;0;x;2477;280;-1;1643;-1;555;-1;399;-1;316;-1;4;794.8;385;88;-1;0;-1;17;-1;45;-1;59;-1;28;-1;0;-1;0;-1;5;125.3;-1;18.9;-1
Barrancos;1065;0;0;0;0;117;0;0;0;455;0;0;0;0;0;0;0;0;0;0;0;0;0;0;0;0;0;493;0;0;0;x;1702;227;-1;1100;-1;376;-1;241;-1;281;-1;3;612.4;424;167;-1;0;-1;76;-1;25;-1;59;-1;20;-1;0;-1;0;-1;4;205.8;-1;22.9;-1
Beja;16017;573;533;0;0;0;0;0;0;6284;0;0;0;899;0;0;0;0;0;0;0;0;0;0;0;0;0;7728;0;0;0;x;34085;5187;-1;21427;-1;7471;-1;3598;-1;5036;-1;102;821.2;8522;2060;-1;0;-1;658;-1;299;-1;1899;-1;397;-1;105;-1;25;-1;80;1794.1;-1;227.8;-1
Castro Verde;3657;0;0;0;0;0;0;0;0;1618;0;0;0;0;98;0;0;0;0;0;0;0;0;0;0;0;0;1941;0;0;0;x;7114;863;-1;4599;-1;1652;-1;926;-1;869;-1;15;980.4;2271;276;-1;0;-1;0;-1;93;-1;325;-1;54;-1;16;-1;0;-1;8;298.8;-1;42.7;-1
Cuba;2891;0;0;0;0;80;0;0;0;1522;0;0;0;0;0;0;0;0;0;0;0;0;0;0;0;0;0;1289;0;0;0;x;4728;650;-1;2986;-1;1092;-1;647;-1;633;-1;10;716.3;771;269;-1;0;-1;67;-1;0;-1;130;-1;44;-1;0;-1;0;-1;14;231.9;-1;33.4;-1
Ferreira do Alentejo;3893;0;0;0;0;0;0;0;0;832;0;0;0;0;306;0;0;0;0;0;0;0;0;0;0;0;0;2755;0;0;0;x;7959;975;-1;4971;-1;2013;-1;1407;-1;845;-1;13;708.6;2005;936;-1;0;-1;127;-1;92;-1;394;-1;95;-1;11;-1;0;-1;16;390;-1;47.3;-1
Mertola;4386;0;0;0;0;0;0;0;0;1770;0;0;0;159;0;0;0;0;0;0;0;0;0;0;0;0;0;2457;0;0;0;x;6479;606;-1;3592;-1;2282;-1;1524;-1;692;-1;8;672.8;1261;351;-1;0;-1;108;-1;182;-1;280;-1;77;-1;0;-1;0;-1;7;379.4;-1;47.3;-1
Moura;6514;0;81;0;0;0;0;0;0;2646;0;0;0;535;0;0;0;0;0;0;0;0;0;0;0;0;0;3252;0;0;0;x;14161;2169;-1;8827;-1;3165;-1;2449;-1;1580;-1;17;735;3035;988;-1;3;-1;385;-1;95;-1;639;-1;153;-1;23;-1;33;-1;10;1308.3;-1;204.4;-1
Ourique;3351;0;0;0;0;0;0;0;0;415;0;0;0;760;0;0;0;0;0;0;0;0;0;0;0;0;0;2176;0;0;0;x;4869;483;-1;2881;-1;1506;-1;1106;-1;619;-1;5;623.2;1170;282;-1;0;-1;183;-1;61;-1;332;-1;69;-1;0;-1;0;-1;3;257.6;-1;27;-1
Serpa;6863;214;0;0;0;0;0;0;0;3520;245;0;0;0;573;0;0;0;0;0;0;0;0;0;0;0;0;2311;0;0;0;x;14907;1708;-1;9461;-1;3738;-1;2791;-1;1648;-1;14;666.5;3155;1146;-1;0;-1;321;-1;215;-1;730;-1;110;-1;19;-1;18;-1;14;919.3;-1;126.6;-1
Vidigueira;3208;0;0;0;0;0;552;0;0;1479;0;0;0;0;0;0;0;0;0;0;0;0;0;0;0;0;0;1177;0;0;0;x;5631;830;-1;3479;-1;1322;-1;877;-1;714;-1;10;726.9;1279;567;-1;0;-1;171;-1;0;-1;230;-1;36;-1;0;-1;0;-1;9;396.3;-1;67.8;-1
Almeirim;8803;0;212;0;0;0;0;0;0;1024;0;0;0;0;0;0;0;0;0;774;0;0;0;0;0;0;0;6793;0;0;0;x;23002;3292;-1;14238;-1;5472;-1;2907;-1;2809;-1;48;715.9;6032;1933;-1;0;-1;466;-1;595;-1;1344;-1;446;-1;43;-1;22;-1;78;966;-1;110;-1
Alpiara;3636;0;0;0;0;0;0;0;0;1762;0;0;0;0;0;291;0;0;0;0;0;0;0;0;0;0;0;1583;0;0;0;x;7249;987;-1;4318;-1;1945;-1;1004;-1;850;-1;14;750.2;1780;585;-1;0;-1;367;-1;127;-1;334;-1;76;-1;0;-1;0;-1;16;285.9;-1;27.9;-1
Azambuja;8864;698;351;0;0;0;0;0;0;1904;0;0;0;0;0;0;0;0;0;0;1958;0;0;0;0;0;0;3953;0;0;0;x;22221;2957;-1;14562;-1;4703;-1;2301;-1;2914;-1;32;925.4;6205;642;-1;0;-1;1766;-1;325;-1;964;-1;352;-1;26;-1;27;-1;61;677.3;-1;70;-1
Benavente;9918;0;300;0;0;0;0;0;0;4832;0;0;0;2222;0;0;0;0;0;0;0;0;0;0;0;0;0;2564;0;0;0;x;29920;4994;-1;19749;-1;5178;-1;2341;-1;4237;-1;91;833.3;9271;714;-1;0;-1;2552;-1;558;-1;1729;-1;798;-1;66;-1;14;-1;137;1480.3;-1;201;-1
Cartaxo;10014;450;0;0;0;0;0;0;0;1036;0;0;0;0;0;0;0;0;0;0;0;0;0;0;0;0;0;5580;0;0;0;x;23980;3237;-1;15416;-1;5328;-1;2083;-1;3433;-1;55;783.4;5082;524;-1;0;-1;1142;-1;301;-1;1300;-1;363;-1;44;-1;18;-1;74;837.7;-1;81.8;-1
Chamusca;4912;0;0;0;0;0;0;0;0;1247;0;0;0;0;0;873;0;0;0;0;0;0;0;0;0;0;0;2792;0;0;0;x;9575;1063;-1;5707;-1;2805;-1;1565;-1;927;-1;10;738.7;2395;680;-1;0;-1;0;-1;207;-1;364;-1;97;-1;0;-1;20;-1;16;314.8;-1;35.4;-1
Coruche;8573;0;0;0;0;0;0;0;0;2071;0;0;0;1375;0;0;0;0;0;0;0;0;0;0;0;0;0;5127;0;0;0;x;18430;2054;-1;10769;-1;5608;-1;3667;-1;2058;-1;23;804.7;4406;1238;-1;0;-1;500;-1;257;-1;914;-1;213;-1;31;-1;0;-1;38;787.1;-1;101.9;-1
Golego;3054;0;0;0;0;0;468;0;0;601;0;0;0;194;0;0;0;0;0;0;0;0;0;0;0;0;0;1791;0;0;0;x;5542;630;-1;3434;-1;1479;-1;615;-1;684;-1;12;736.3;1400;349;-1;0;-1;316;-1;101;-1;257;-1;74;-1;11;-1;0;-1;8;176.9;-1;21.3;-1
Rio Maior;9928;270;0;0;0;0;0;0;0;1034;0;0;0;0;5478;0;0;0;0;0;0;0;0;0;0;0;0;3146;0;0;0;x;20643;2831;-1;13196;-1;4617;-1;2253;-1;2736;-1;54;755.2;6844;703;-1;130;-1;2466;-1;492;-1;1208;-1;211;-1;45;-1;11;-1;50;610.3;-1;73;-1
Salvaterra de Magos;8870;2110;0;0;0;0;0;0;0;940;0;0;0;0;889;0;0;0;0;0;0;0;0;0;0;0;0;4931;0;0;0;x;21661;2837;-1;13769;-1;5056;-1;3248;-1;2705;-1;55;750.9;4428;770;-1;0;-1;530;-1;401;-1;1339;-1;205;-1;23;-1;37;-1;71;1174.8;-1;140.4;-1
Santarem;26369;1124;1509;0;0;0;0;0;0;2119;0;0;162;11997;0;0;0;0;0;0;0;0;0;0;0;0;0;9458;0;0;0;x;58472;7957;-1;36278;-1;14237;-1;5821;-1;8656;-1;165;803.9;15724;1418;-1;260;-1;3315;-1;859;-1;3468;-1;950;-1;200;-1;41;-1;223;2152.2;-1;236.4;-1
Alter do Chæo;2035;37;0;0;0;0;0;0;0;172;0;0;0;0;826;0;0;0;0;0;0;0;0;0;0;0;0;1000;0;0;0;x;3286;347;-1;1967;-1;973;-1;640;-1;398;-1;5;678.8;565;185;-1;0;-1;61;-1;0;-1;100;-1;30;-1;0;-1;0;-1;6;181.9;-1;29.3;-1
Arronches;1974;0;0;0;0;0;0;0;0;62;0;0;0;1270;0;0;0;0;0;0;0;0;0;0;0;0;0;611;0;0;0;x;2970;230;-1;1805;-1;935;-1;644;-1;331;-1;4;661.7;566;220;-1;0;-1;44;-1;81;-1;78;-1;26;-1;0;-1;0;-1;2;127;-1;25.6;-1
Avis;2467;0;0;0;0;0;0;0;0;1587;0;0;0;157;0;0;0;0;0;0;0;0;0;0;0;0;0;723;0;0;0;x;4363;424;-1;2658;-1;1281;-1;847;-1;473;-1;2;682.4;1195;304;-1;0;-1;305;-1;0;-1;146;-1;29;-1;0;-1;0;-1;8;224.3;-1;41.6;-1
Campo Maior;4458;61;0;0;0;0;0;0;0;1230;0;0;0;0;0;0;0;0;0;0;0;0;0;0;0;0;0;3021;0;0;0;x;8165;1215;-1;5218;-1;1732;-1;1154;-1;1125;-1;10;1024;3779;354;-1;0;-1;816;-1;59;-1;1737;-1;57;-1;14;-1;0;-1;15;506.4;-1;82;-1
Castelo de Vide;2006;0;32;0;0;0;0;0;0;91;0;0;0;1194;0;0;0;0;0;0;0;0;0;0;0;0;0;689;0;0;0;x;3087;293;-1;1865;-1;930;-1;578;-1;394;-1;3;676.9;523;104;-1;0;-1;0;-1;47;-1;115;-1;41;-1;0;-1;0;-1;7;132.2;-1;19.3;-1
Crato;2356;0;19;0;0;0;0;0;0;596;0;0;0;698;0;0;0;0;0;0;0;0;0;0;0;0;0;1043;0;0;0;x;3339;308;-1;1898;-1;1134;-1;703;-1;312;-1;2;641.3;640;0;-1;3;-1;91;-1;72;-1;131;-1;36;-1;0;-1;0;-1;7;179.3;-1;21.6;-1
Elvas;10559;147;905;0;0;0;3240;0;0;334;0;0;0;546;0;0;0;0;0;0;0;0;0;0;0;0;0;5387;0;0;0;x;21421;2851;-1;13677;-1;4894;-1;2652;-1;3175;-1;69;699.6;4948;1321;-1;7;-1;267;-1;288;-1;1078;-1;289;-1;49;-1;16;-1;75;1833;-1;251.3;-1
Fronteira;2077;0;0;0;0;0;0;0;0;97;0;0;0;1221;0;0;0;0;0;0;0;0;0;0;0;0;0;719;0;0;0;x;3074;363;-1;1866;-1;845;-1;590;-1;371;-1;2;680.3;790;288;-1;0;-1;78;-1;50;-1;130;-1;47;-1;0;-1;0;-1;9;182;-1;25.2;-1
Gaviao;2270;0;0;0;0;0;0;0;0;334;0;0;0;0;404;0;0;0;0;0;0;0;0;0;0;0;0;1532;0;0;0;x;3589;295;-1;1986;-1;1309;-1;814;-1;303;-1;9;660.6;505;0;-1;0;-1;66;-1;89;-1;119;-1;20;-1;0;-1;0;-1;8;184.7;-1;28.1;-1
Marvao;2162;0;0;0;0;0;274;0;0;28;0;0;0;730;0;0;0;0;0;0;0;0;0;0;0;0;0;713;0;0;0;x;3202;307;-1;1852;-1;1043;-1;667;-1;336;-1;11;622.9;649;0;-1;0;-1;76;-1;75;-1;93;-1;17;-1;0;-1;0;-1;1;109.3;-1;13.1;-1
Monforte;1903;0;0;0;27;0;0;0;0;1209;0;0;0;142;0;0;0;0;0;0;0;0;0;0;0;0;0;525;0;0;0;x;3084;429;-1;1876;-1;779;-1;678;-1;327;-1;1;735.8;579;188;-1;0;-1;53;-1;0;-1;168;-1;24;-1;0;-1;0;-1;4;232.7;-1;50.4;-1
Nisa;4113;0;0;0;0;0;0;0;0;1589;0;0;0;0;351;0;0;0;0;0;0;0;0;0;0;0;0;2173;0;0;0;x;6548;600;-1;3626;-1;2322;-1;1419;-1;729;-1;2;659.6;1322;251;-1;0;-1;228;-1;132;-1;306;-1;66;-1;10;-1;0;-1;6;262.4;-1;33;-1
Ponte de Sor;8102;248;0;0;0;0;0;0;0;1453;0;0;0;0;668;0;0;0;0;0;0;0;0;0;0;0;0;5733;0;0;0;x;15599;1835;-1;9714;-1;4051;-1;2696;-1;1964;-1;18;750;3652;745;-1;0;-1;716;-1;388;-1;789;-1;138;-1;32;-1;13;-1;16;820.2;-1;103.9;-1
Portalegre;12769;122;554;0;0;0;4160;0;0;2399;0;0;0;1731;0;0;0;0;0;0;0;0;0;0;0;0;0;3803;0;0;0;x;23049;2920;-1;14235;-1;5894;-1;2767;-1;3304;-1;60;769.8;5709;649;-1;0;-1;1126;-1;253;-1;1386;-1;314;-1;58;-1;0;-1;56;892.2;-1;109.4;-1
Sousel;3037;36;0;0;0;0;0;0;0;155;0;0;0;945;0;0;0;0;0;0;0;0;0;0;0;0;0;1901;0;0;0;x;4640;507;-1;2722;-1;1411;-1;895;-1;515;-1;7;626.9;1243;423;-1;0;-1;202;-1;82;-1;245;-1;30;-1;0;-1;21;-1;11;213.2;-1;34.1;-1
Alandroal;3455;0;70;0;0;0;988;0;0;1010;0;0;0;150;0;0;0;0;0;0;0;0;0;0;0;0;0;1237;0;0;0;x;5314;565;-1;3150;-1;1600;-1;1050;-1;518;-1;11;693.5;953;391;-1;0;-1;117;-1;80;-1;128;-1;52;-1;0;-1;0;-1;8;278.2;-1;40.1;-1
Arraiolos;3688;123;0;0;0;0;0;0;0;2273;0;0;0;284;0;0;0;0;0;0;0;0;0;0;0;0;0;1008;0;0;0;x;7082;802;-1;4363;-1;1918;-1;1106;-1;916;-1;11;747.9;1819;477;-1;0;-1;371;-1;102;-1;307;-1;65;-1;0;-1;0;-1;19;293.9;-1;42.1;-1
Borba;4188;199;0;0;0;0;2058;0;0;314;0;0;0;590;0;0;0;0;0;0;0;0;0;0;0;0;0;1027;0;0;0;x;6992;788;-1;4302;-1;1903;-1;1243;-1;929;-1;14;744.7;1634;423;-1;45;-1;306;-1;0;-1;315;-1;63;-1;13;-1;0;-1;8;361.2;-1;56.4;-1
Estremoz;6757;0;0;0;0;0;3421;0;0;611;0;0;0;0;476;0;0;0;0;0;0;0;0;0;0;0;0;2249;0;0;0;x;13231;1421;-1;7939;-1;3872;-1;2244;-1;1978;-1;19;714.3;3644;705;-1;0;-1;515;-1;175;-1;808;-1;364;-1;34;-1;19;-1;15;627.6;-1;109.5;-1
Evora;21982;1113;0;0;1362;0;0;0;499;9414;0;0;0;3463;0;0;0;0;0;0;0;0;0;0;0;0;0;6131;0;0;0;x;53474;7417;-1;34287;-1;11771;-1;4684;-1;9078;-1;157;853.1;17187;1392;-1;4;-1;3649;-1;1049;-1;3277;-1;1234;-1;203;-1;27;-1;174;2732.6;-1;402.1;-1
Montemor-o-Novo;8395;0;834;0;0;0;0;0;0;3827;0;0;0;421;0;0;0;0;0;0;0;0;0;0;0;0;0;3313;0;0;0;x;16226;1789;-1;9648;-1;4790;-1;2901;-1;2081;-1;41;728.5;4134;1033;-1;0;-1;476;-1;316;-1;810;-1;326;-1;33;-1;15;-1;43;545.9;-1;74.9;-1
Mora;2452;0;0;0;0;0;0;0;0;1631;0;0;0;245;0;0;0;0;0;0;0;0;0;0;0;0;0;576;0;0;0;x;4433;443;-1;2578;-1;1412;-1;960;-1;453;-1;5;677.8;1024;256;-1;0;-1;227;-1;0;-1;193;-1;46;-1;0;-1;13;-1;4;157;-1;20.1;-1
Mourao;1565;0;0;0;97;0;0;0;0;137;0;0;0;589;0;0;0;0;0;0;0;0;0;0;0;0;0;742;0;0;0;x;2520;348;-1;1611;-1;562;-1;434;-1;280;-1;2;657.8;413;157;-1;0;-1;70;-1;23;-1;42;-1;26;-1;0;-1;0;-1;3;241.3;-1;45.4;-1
Portel;3630;0;0;0;0;0;0;0;0;1148;0;0;0;0;93;0;0;0;0;0;0;0;0;0;0;0;0;2389;0;0;0;x;6060;714;-1;3678;-1;1668;-1;1080;-1;668;-1;8;726.3;1234;399;-1;0;-1;173;-1;130;-1;139;-1;104;-1;0;-1;0;-1;8;354.9;-1;43.9;-1
Redondo;3626;0;0;0;0;0;1344;0;0;813;0;0;0;0;801;0;0;0;0;0;0;0;0;0;0;0;0;668;0;0;0;x;6608;844;-1;4131;-1;1634;-1;1078;-1;751;-1;7;683.6;1567;494;-1;0;-1;224;-1;174;-1;272;-1;99;-1;17;-1;0;-1;12;374.4;-1;58.3;-1
Reguengos de Monsaraz;4751;0;121;0;0;0;0;0;0;507;0;0;0;996;0;0;0;0;0;0;0;0;0;0;0;0;0;3127;0;0;0;x;10309;1373;-1;6421;-1;2515;-1;1622;-1;1345;-1;25;726.9;2576;683;-1;0;-1;491;-1;183;-1;441;-1;113;-1;18;-1;13;-1;28;665.1;-1;96.6;-1
Vendas Novas;6245;0;0;0;0;0;0;0;0;1618;0;0;0;706;0;0;0;0;0;0;0;0;0;0;0;0;0;3921;0;0;0;x;11499;1472;-1;6877;-1;3151;-1;1489;-1;1511;-1;31;805.3;3463;474;-1;0;-1;1058;-1;184;-1;664;-1;143;-1;35;-1;0;-1;22;345.5;-1;47.8;-1
Viana do Alentejo;3063;0;0;0;0;0;0;0;0;1255;0;0;0;175;0;0;0;0;0;0;0;0;0;0;0;0;0;1633;0;0;0;x;5289;700;-1;3384;-1;1205;-1;933;-1;689;-1;10;691.8;1104;317;-1;0;-1;0;-1;103;-1;237;-1;114;-1;0;-1;0;-1;12;253.3;-1;38.8;-1
Vila Viosa;4527;0;0;0;0;0;708;0;0;1725;0;0;0;0;445;0;0;0;0;0;0;0;0;0;0;0;0;1649;0;0;0;x;7941;942;-1;5162;-1;1837;-1;1082;-1;1156;-1;15;827.1;2154;141;-1;263;-1;600;-1;0;-1;387;-1;101;-1;16;-1;9;-1;26;393.5;-1;60;-1
Albufeira;12833;742;0;0;364;0;0;0;514;648;0;0;0;5834;0;0;0;0;0;0;0;0;0;0;0;0;0;4731;0;0;0;x;40495;6713;-1;27266;-1;6517;-1;3083;-1;7354;-1;254;760;18267;504;-1;0;-1;450;-1;1375;-1;2803;-1;1777;-1;131;-1;38;-1;216;2196.4;-1;254.1;-1
Alcoutim;1896;0;0;0;0;0;0;0;0;93;0;0;0;0;0;0;492;0;0;0;0;0;0;0;0;0;0;1311;0;0;0;x;2443;170;-1;1163;-1;1111;-1;760;-1;237;-1;0;655.7;460;122;-1;0;-1;46;-1;39;-1;75;-1;26;-1;0;-1;0;-1;7;72.6;-1;12.8;-1
Aljezur;2426;0;0;0;0;0;0;0;0;484;0;0;0;0;0;427;0;0;0;0;0;0;0;0;0;0;0;1515;0;0;0;x;5612;721;-1;3172;-1;1720;-1;980;-1;969;-1;21;679.5;1446;209;-1;0;-1;73;-1;151;-1;287;-1;71;-1;9;-1;0;-1;17;180.8;-1;16.9;-1
Castro Marim;3797;0;0;0;0;0;826;0;0;93;0;0;0;0;1455;0;0;0;0;0;0;0;0;0;0;0;0;1423;0;0;0;x;6426;710;-1;3927;-1;1790;-1;971;-1;807;-1;15;685.3;1289;140;-1;0;-1;74;-1;141;-1;248;-1;108;-1;0;-1;0;-1;23;308.8;-1;42.7;-1
Faro;25838;819;0;0;0;0;490;0;620;1975;0;0;0;0;0;0;11753;0;0;0;0;0;0;0;0;0;0;10181;0;0;0;x;61046;9315;-1;39068;-1;12663;-1;4508;-1;10922;-1;252;855.4;20927;1559;-1;6;-1;648;-1;1918;-1;4735;-1;2428;-1;277;-1;17;-1;230;2634.4;-1;284.9;-1
Lagoa;8904;460;0;0;237;0;0;0;0;378;0;0;0;2174;0;0;0;0;0;0;0;0;0;0;0;0;0;5655;0;0;0;x;22793;3374;-1;14821;-1;4599;-1;1864;-1;3547;-1;89;812.9;8878;230;-1;0;-1;337;-1;1053;-1;1355;-1;562;-1;57;-1;11;-1;100;1135.8;-1;117.1;-1
Lagos;10293;554;0;0;0;0;1300;0;380;780;0;0;0;0;0;0;1493;0;0;0;0;0;0;0;0;0;0;5786;0;0;0;x;30746;4668;-1;19827;-1;6252;-1;2769;-1;5378;-1;120;736.6;10007;275;-1;0;-1;251;-1;1136;-1;1721;-1;804;-1;87;-1;15;-1;97;1278.8;-1;153.8;-1
Loul_;25494;758;0;0;0;0;0;0;0;771;0;0;0;0;0;6392;0;0;0;0;0;0;0;0;0;0;0;17573;0;0;0;x;69399;10525;-1;44715;-1;14160;-1;6866;-1;11076;-1;364;805.9;31316;1511;-1;31;-1;895;-1;2632;-1;5489;-1;6043;-1;229;-1;24;-1;291;2698.1;-1;305.1;-1
Monchique;3362;0;0;0;0;0;397;0;0;142;0;0;0;1517;0;0;0;0;0;0;0;0;0;0;0;0;0;1306;0;0;0;x;5431;494;-1;3086;-1;1851;-1;1088;-1;778;-1;4;660.9;1346;222;-1;0;-1;136;-1;72;-1;330;-1;86;-1;0;-1;0;-1;9;262.5;-1;19.6;-1
Olhao;15780;1312;0;0;0;0;325;0;0;1302;0;0;0;0;0;0;4299;0;0;0;0;0;0;0;0;0;0;8542;0;0;0;x;45198;7207;-1;29231;-1;8761;-1;3878;-1;6417;-1;89;760;10526;1824;-1;56;-1;931;-1;1080;-1;2104;-1;1024;-1;75;-1;59;-1;84;1865.4;-1;218.6;-1
Portimao;18813;2327;0;0;0;0;0;0;0;1553;0;0;0;0;0;0;0;0;0;0;0;0;4862;0;0;0;0;8896;0;0;0;x;55446;9242;-1;35561;-1;10644;-1;4668;-1;8648;-1;203;795.4;16686;384;-1;0;-1;567;-1;1203;-1;2896;-1;1485;-1;170;-1;12;-1;250;3134;-1;333.9;-1
Sao Br_s de Alportel;5027;0;0;0;0;0;0;0;0;328;0;0;0;0;0;0;1481;0;0;0;0;0;0;0;0;0;0;3218;0;0;0;x;10556;1493;-1;6779;-1;2285;-1;906;-1;1687;-1;28;771.9;2806;260;-1;0;-1;357;-1;359;-1;655;-1;216;-1;28;-1;0;-1;28;342.8;-1;45.3;-1
Silves;14621;494;0;0;0;0;0;0;0;8177;0;0;0;3356;0;0;0;0;0;0;0;0;0;0;0;0;0;2234;0;0;0;x;36512;5111;-1;22898;-1;8503;-1;4207;-1;5327;-1;104;754.9;8495;1299;-1;0;-1;473;-1;888;-1;1928;-1;619;-1;63;-1;48;-1;116;1375.4;-1;125;-1
Tavira;11341;559;273;0;0;0;0;0;0;542;0;0;0;2630;0;0;0;0;0;0;0;0;0;0;0;0;0;6973;0;0;0;x;25339;3338;-1;15433;-1;6569;-1;3195;-1;3815;-1;93;717.2;6852;1197;-1;29;-1;221;-1;619;-1;1141;-1;422;-1;50;-1;49;-1;87;862.7;-1;88.3;-1
Vila do Bispo;2584;196;0;0;0;0;129;0;0;129;0;0;0;0;0;0;646;0;0;0;0;0;0;0;0;0;0;1484;0;0;0;x;5199;643;-1;3199;-1;1358;-1;632;-1;761;-1;19;764.9;2127;173;-1;0;-1;59;-1;273;-1;301;-1;157;-1;6;-1;0;-1;16;174.8;-1;16.5;-1
Vila Real de Santo Antonio;9187;258;0;0;0;0;0;0;0;1789;0;0;0;4279;0;0;0;0;0;0;0;0;0;0;0;0;0;2861;0;0;0;x;19060;2878;-1;12216;-1;3966;-1;1591;-1;2712;-1;41;733.4;4995;340;-1;0;-1;245;-1;310;-1;1200;-1;307;-1;60;-1;10;-1;78;1088.3;-1;119.8;-1
Vila do Porto;2763;163;0;0;0;0;0;0;0;0;0;0;0;1936;0;0;0;0;0;0;0;0;0;0;0;0;0;664;0;0;0;x;5653;844;-1;4046;-1;763;-1;476;-1;675;-1;10;0;1148;288;-1;0;-1;58;-1;119;-1;270;-1;126;-1;14;-1;0;-1;8;0;-1;0;-1
Lagoa [R.A.A.];6141;0;0;0;0;0;0;0;0;158;0;0;0;1509;0;0;0;0;0;0;0;0;0;0;0;0;0;4474;0;0;0;x;14705;2716;-1;10315;-1;1674;-1;1208;-1;1128;-1;23;0;2498;272;-1;0;-1;357;-1;321;-1;572;-1;345;-1;23;-1;0;-1;15;0;-1;0;-1
Nordeste;3380;0;0;0;0;0;0;0;0;43;0;0;0;2052;0;0;0;0;0;0;0;0;0;0;0;0;0;1285;0;0;0;x;4965;739;-1;3358;-1;868;-1;424;-1;419;-1;4;0;661;259;-1;0;-1;30;-1;69;-1;106;-1;33;-1;15;-1;0;-1;1;0;-1;0;-1
Ponta Delgada;28768;611;0;0;0;0;0;0;534;311;0;0;0;15181;0;0;0;0;0;0;0;0;0;0;0;0;0;11578;0;0;0;x;68378;11333;-1;48565;-1;8480;-1;5343;-1;7944;-1;137;0;23321;1825;-1;0;-1;1927;-1;1343;-1;6102;-1;1938;-1;344;-1;54;-1;152;0;-1;0;-1
Povoaæo;3618;0;0;0;0;0;0;0;0;90;0;0;0;607;0;0;0;0;0;0;0;0;0;0;0;0;0;2921;0;0;0;x;6106;926;-1;4264;-1;917;-1;732;-1;485;-1;5;0;967;196;-1;0;-1;81;-1;115;-1;140;-1;35;-1;14;-1;0;-1;3;0;-1;0;-1
Ribeira Grande;14806;343;0;0;0;0;0;0;0;134;0;0;0;10196;0;0;0;0;0;0;0;0;0;0;0;0;0;4133;0;0;0;x;32745;6929;-1;23148;-1;2669;-1;3192;-1;2467;-1;33;0;7520;860;-1;63;-1;2130;-1;1368;-1;1123;-1;711;-1;49;-1;11;-1;31;0;-1;0;-1
Vila Franca do Campo;5315;0;0;0;0;0;0;0;0;111;0;0;0;2201;0;0;0;0;0;0;0;0;0;0;0;0;0;3003;0;0;0;x;11278;1912;-1;8031;-1;1336;-1;1352;-1;799;-1;14;0;1672;393;-1;0;-1;86;-1;226;-1;474;-1;149;-1;23;-1;0;-1;4;0;-1;0;-1
Angra do Herosmo;16762;414;1318;0;0;0;0;0;0;331;0;0;0;5276;0;0;0;0;0;0;0;0;0;0;0;0;0;9423;0;0;0;x;34505;5256;-1;23751;-1;5498;-1;2810;-1;3758;-1;51;0;8329;1465;-1;0;-1;729;-1;489;-1;2219;-1;684;-1;132;-1;0;-1;40;0;-1;0;-1
Vila da Praia da VitÜria;9282;134;753;0;0;0;0;0;0;85;0;0;0;2964;0;0;0;0;0;0;0;0;0;0;0;0;0;5346;0;0;0;x;21544;3169;-1;15366;-1;3010;-1;1879;-1;2265;-1;23;0;3917;967;-1;0;-1;328;-1;411;-1;787;-1;300;-1;37;-1;0;-1;26;0;-1;0;-1
Santa Cruz da Graciosa;2629;0;0;0;0;0;0;0;0;0;0;0;0;1281;0;0;0;0;0;0;0;0;0;0;0;0;0;1348;0;0;0;x;4320;578;-1;2917;-1;826;-1;529;-1;353;-1;1;0;853;281;-1;0;-1;62;-1;71;-1;170;-1;34;-1;16;-1;0;-1;6;0;-1;0;-1
Calheta [R.A.A.];2241;39;0;0;0;0;1819;0;0;54;0;0;0;329;0;0;0;0;0;0;0;0;0;0;0;0;0;0;0;0;0;x;3295;484;-1;2062;-1;750;-1;536;-1;253;-1;7;0;927;298;-1;0;-1;0;-1;71;-1;205;-1;22;-1;11;-1;0;-1;0;0;-1;0;-1
Velas;3236;0;1778;0;0;0;0;0;0;181;0;0;0;247;0;0;0;0;0;0;0;0;0;0;0;0;0;1030;0;0;0;x;5229;654;-1;3679;-1;896;-1;497;-1;520;-1;8;0;1284;247;-1;0;-1;57;-1;148;-1;441;-1;70;-1;17;-1;0;-1;16;0;-1;0;-1
Lajes do Pico;3088;0;0;0;0;0;1430;0;0;39;0;0;0;0;0;0;0;0;0;0;0;0;0;0;0;0;0;1619;0;0;0;x;4607;566;-1;3021;-1;1020;-1;409;-1;484;-1;4;0;976;0;-1;0;-1;99;-1;81;-1;187;-1;70;-1;11;-1;0;-1;4;0;-1;0;-1
Madalena;3638;0;0;0;0;0;0;0;0;77;0;0;0;2198;0;0;0;0;0;0;0;0;0;0;0;0;0;1363;0;0;0;x;5953;824;-1;4038;-1;1092;-1;435;-1;738;-1;14;0;1596;400;-1;0;-1;103;-1;220;-1;313;-1;101;-1;26;-1;0;-1;11;0;-1;0;-1
Sæo Roque do Pico;2165;0;0;0;0;0;0;0;0;0;0;0;0;858;0;0;0;0;0;0;0;0;0;0;0;0;0;1307;0;0;0;x;3299;444;-1;2237;-1;619;-1;221;-1;408;-1;7;0;790;0;-1;0;-1;65;-1;159;-1;160;-1;62;-1;11;-1;0;-1;2;0;-1;0;-1
Horta;8058;120;0;0;0;0;0;0;151;394;0;0;0;0;3521;0;0;0;0;0;0;0;0;0;0;0;0;3872;0;0;0;x;14792;2131;-1;10238;-1;2423;-1;914;-1;1868;-1;20;0;3614;0;-1;11;-1;289;-1;264;-1;693;-1;246;-1;43;-1;0;-1;14;0;-1;0;-1
Lajes das Flores;941;0;0;0;0;0;0;0;0;0;0;0;0;311;0;0;0;0;0;0;0;0;0;0;0;0;0;630;0;0;0;x;1499;182;-1;1019;-1;298;-1;141;-1;143;-1;0;0;324;114;-1;0;-1;4;-1;33;-1;58;-1;7;-1;0;-1;0;-1;2;0;-1;0;-1
Santa Cruz das Flores;1282;0;0;0;0;0;0;0;0;262;0;0;0;235;0;0;0;0;0;0;0;0;0;0;0;0;0;785;0;0;0;x;2197;281;-1;1517;-1;400;-1;158;-1;221;-1;1;0;495;0;-1;0;-1;28;-1;70;-1;118;-1;45;-1;11;-1;0;-1;1;0;-1;0;-1
Corvo;237;0;0;0;0;0;0;0;0;0;0;0;0;73;0;0;0;0;0;0;0;0;0;0;0;0;0;164;0;0;0;x;460;67;-1;313;-1;80;-1;42;-1;46;-1;1;0;99;38;-1;0;-1;0;-1;5;-1;17;-1;9;-1;0;-1;0;-1;0;0;-1;0;-1
Calheta [R.A.M.];6523;0;1076;0;0;0;0;0;0;86;0;0;0;4392;0;0;0;0;0;0;0;0;0;0;0;0;0;883;0;0;86;x;10999;1431;-1;7107;-1;2462;-1;1926;-1;1067;-1;25;805.2;2455;578;-1;0;-1;165;-1;659;-1;208;-1;111;-1;33;-1;0;-1;19;0;-1;0;-1
C_mara de Lobos;15149;369;1657;0;0;0;0;373;0;504;0;0;0;9931;0;0;0;0;0;0;0;0;0;0;0;0;0;1782;0;0;270;x;34147;5906;-1;24333;-1;3909;-1;4927;-1;2813;-1;39;729.7;4817;1210;-1;0;-1;587;-1;756;-1;765;-1;375;-1;39;-1;0;-1;93;0;-1;0;-1
Funchal;53737;0;4819;0;0;0;0;0;0;2029;501;0;0;17971;0;0;0;0;0;0;0;0;0;0;0;0;0;0;23577;0;1252;x;105188;14031;-1;72792;-1;18365;-1;8827;-1;15081;-1;620;924;38358;981;-1;32;-1;1690;-1;2242;-1;7665;-1;4129;-1;516;-1;0;-1;511;0;-1;0;-1
Machico;11441;116;235;0;0;0;0;135;0;58;42;0;107;3266;0;0;0;0;0;0;0;0;0;0;0;0;0;6901;0;0;74;x;20554;2697;-1;14666;-1;3191;-1;2508;-1;2055;-1;32;881.1;3031;297;-1;0;-1;315;-1;559;-1;518;-1;213;-1;39;-1;0;-1;33;0;-1;0;-1
Ponta do Sol;4915;89;718;0;0;0;0;44;0;41;0;0;0;1955;0;0;0;0;0;0;0;0;0;0;0;0;0;2037;0;0;31;x;8588;1268;-1;5888;-1;1433;-1;1249;-1;791;-1;19;649.2;1751;738;-1;0;-1;63;-1;222;-1;245;-1;79;-1;16;-1;0;-1;15;0;-1;0;-1
Porto Moniz;2112;0;0;0;0;0;227;3;0;8;0;0;0;461;0;0;0;0;0;0;0;0;0;0;0;0;0;1406;0;0;7;x;2404;280;-1;1535;-1;589;-1;610;-1;197;-1;6;697.4;474;118;-1;0;-1;20;-1;25;-1;48;-1;14;-1;0;-1;0;-1;1;0;-1;0;-1
Ribeira Brava;7546;52;0;0;0;0;4024;0;0;70;0;0;0;2519;0;0;0;0;0;0;0;0;0;0;0;0;0;351;0;0;49;x;12501;1956;-1;8494;-1;2052;-1;2191;-1;1249;-1;21;672.6;1975;330;-1;0;-1;127;-1;300;-1;400;-1;147;-1;40;-1;0;-1;17;0;-1;0;-1
Santa Cruz;21044;308;1066;0;0;0;0;249;0;320;76;0;0;3720;0;0;0;0;0;0;0;0;0;0;0;0;0;1497;0;0;543;x;43976;7562;-1;31766;-1;4648;-1;2837;-1;6284;-1;74;832.7;6721;373;-1;0;-1;664;-1;490;-1;1452;-1;835;-1;45;-1;0;-1;86;0;-1;0;-1
Santana;4456;0;2797;0;0;0;305;36;0;82;0;0;0;1038;0;0;0;0;0;0;0;0;0;0;0;0;0;167;0;0;31;x;6934;747;-1;4515;-1;1673;-1;1512;-1;676;-1;7;709.6;880;245;-1;0;-1;32;-1;61;-1;145;-1;62;-1;0;-1;0;-1;18;0;-1;0;-1
Sao Vicente;3168;0;0;0;0;0;2619;42;0;31;0;0;0;0;0;0;0;0;0;0;0;0;0;0;0;0;0;439;0;0;37;x;5188;588;-1;3267;-1;1333;-1;1140;-1;508;-1;9;732.6;979;274;-1;0;-1;57;-1;123;-1;153;-1;42;-1;16;-1;0;-1;12;0;-1;0;-1
Porto Santo;3271;52;125;0;0;0;452;0;0;96;0;0;0;1283;0;0;0;0;0;0;0;0;0;0;0;0;0;1251;0;0;12;x;5174;730;-1;3805;-1;640;-1;399;-1;852;-1;3;921.7;852;39;-1;0;-1;24;-1;45;-1;212;-1;102;-1;10;-1;0;-1;6;0;-1;0;-1